order_id,product_id,buyer_id,order_date,quantity,order_value,promised_delivery_date,actual_delivery_date,delivery_status,region
ORD00001,PRD0027,BUY0304,2025-09-21,1,13.7,2025-09-26,2025-09-26,Delivered,France
ORD00002,PRD0013,BUY0392,2026-03-17,5,45.11,2026-03-21,2026-03-26,Delayed,Spain
ORD00003,PRD0032,BUY0022,2026-05-18,1,7.61,2026-05-22,2026-05-29,Delayed,France
ORD00004,PRD0119,BUY0088,2026-02-20,2,26.42,2026-02-26,2026-02-27,Delivered,Spain
ORD00005,PRD0011,BUY0203,2026-06-02,1,8.56,2026-06-06,2026-06-14,Delayed,UK
ORD00006,PRD0111,BUY0179,2026-05-13,1,14.62,2026-05-16,2026-05-21,Delayed,France
ORD00007,PRD0029,BUY0336,2026-05-10,1,10.78,2026-05-14,2026-05-13,Delivered,Spain
ORD00008,PRD0043,BUY0322,2026-04-27,2,22.24,2026-05-03,2026-05-03,Delivered,UK
ORD00009,PRD0113,BUY0232,2026-06-13,1,8.89,2026-06-16,2026-06-14,Delivered,Germany
ORD00010,PRD0150,BUY0284,2026-06-01,3,44.86,2026-06-08,2026-06-09,Delivered,UK
ORD00011,PRD0016,BUY0176,2026-05-09,2,44.97,2026-05-15,2026-05-13,Delivered,Italy
ORD00012,PRD0008,BUY0145,2025-09-20,1,25.99,2025-09-26,2025-09-30,Delayed,UK
ORD00013,PRD0032,BUY0146,2026-02-10,3,23.21,2026-02-13,2026-02-23,Delayed,France
ORD00014,PRD0075,BUY0358,2026-06-06,1,17.09,2026-06-10,2026-06-10,Delivered,France
ORD00015,PRD0149,BUY0217,2025-05-10,1,22.41,2025-05-15,2025-05-13,Delivered,France
ORD00016,PRD0101,BUY0052,2026-06-28,1,8.26,2026-07-04,2026-07-03,Delivered,Germany
ORD00017,PRD0102,BUY0355,2026-03-30,1,7.19,2026-04-06,2026-04-14,Delayed,UK
ORD00018,PRD0127,BUY0230,2025-11-08,1,11.72,2025-11-12,2025-11-12,Delivered,Germany
ORD00019,PRD0086,BUY0399,2026-01-29,4,49.51,2026-02-05,2026-02-06,Delivered,Germany
ORD00020,PRD0116,BUY0284,2026-04-03,3,27.76,2026-04-08,2026-04-10,Returned,Italy
ORD00021,PRD0114,BUY0047,2025-08-20,1,7.42,2025-08-25,2025-08-24,Delivered,Italy
ORD00022,PRD0125,BUY0042,2026-04-02,4,56.71,2026-04-08,2026-04-07,Delivered,Italy
ORD00023,PRD0089,BUY0242,2026-06-16,2,54.42,2026-06-20,2026-06-21,Returned,Italy
ORD00024,PRD0036,BUY0373,2026-03-31,2,41.71,2026-04-03,2026-04-07,Delayed,UK
ORD00025,PRD0063,BUY0306,2025-08-15,1,24.02,2025-08-21,2025-08-22,Delivered,Spain
ORD00026,PRD0125,BUY0269,2026-02-08,1,13.82,2026-02-13,2026-02-14,Delivered,Italy
ORD00027,PRD0050,BUY0192,2026-06-19,3,161.38,2026-06-22,2026-06-23,Delivered,Italy
ORD00028,PRD0045,BUY0280,2025-12-10,1,10.25,2025-12-13,2025-12-13,Delivered,Spain
ORD00029,PRD0148,BUY0235,2026-05-19,5,197.55,2026-05-23,2026-05-21,Delivered,UK
ORD00030,PRD0109,BUY0386,2026-04-26,1,25.13,2026-05-02,2026-05-03,Delivered,Italy
ORD00031,PRD0100,BUY0381,2025-05-07,3,57.46,2025-05-10,2025-05-11,Delivered,Italy
ORD00032,PRD0132,BUY0041,2026-02-22,1,30.67,2026-03-01,2026-03-04,Delayed,UK
ORD00033,PRD0078,BUY0180,2025-12-01,1,14.62,2025-12-06,2025-12-07,Delivered,Germany
ORD00034,PRD0145,BUY0187,2026-04-17,1,5.13,2026-04-20,,Cancelled,Spain
ORD00035,PRD0048,BUY0121,2025-05-04,4,67.48,2025-05-11,2025-05-12,Delivered,Germany
ORD00036,PRD0027,BUY0040,2026-02-19,1,13.41,2026-02-25,2026-02-25,Delivered,France
ORD00037,PRD0067,BUY0061,2026-01-09,1,19.86,2026-01-13,2026-01-14,Delivered,UK
ORD00038,PRD0121,BUY0232,2026-06-28,1,12.39,2026-07-04,2026-07-03,Delivered,France
ORD00039,PRD0082,BUY0365,2025-11-25,2,11.48,2025-12-02,2025-12-02,Delivered,UK
ORD00040,PRD0019,BUY0014,2026-02-05,1,14.09,2026-02-09,2026-02-08,Delivered,UK
ORD00041,PRD0110,BUY0394,2026-06-23,1,18.73,2026-06-26,2026-07-05,Delayed,Germany
ORD00042,PRD0128,BUY0067,2026-02-05,2,81.59,2026-02-12,2026-02-11,Delivered,UK
ORD00043,PRD0048,BUY0266,2025-04-16,1,17.04,2025-04-20,2025-04-19,Delivered,Germany
ORD00044,PRD0146,BUY0087,2026-04-24,4,45.54,2026-04-29,2026-04-27,Delivered,France
ORD00045,PRD0025,BUY0393,2025-12-17,3,44.9,2025-12-20,2025-12-21,Returned,France
ORD00046,PRD0053,BUY0038,2026-05-20,1,11.67,2026-05-25,2026-06-02,Delayed,Spain
ORD00047,PRD0022,BUY0177,2026-04-23,1,13.84,2026-04-28,2026-04-28,Delivered,Spain
ORD00048,PRD0140,BUY0149,2026-03-05,1,4.91,2026-03-08,2026-03-13,Delayed,Germany
ORD00049,PRD0064,BUY0256,2026-06-29,3,36.59,2026-07-04,2026-07-04,Delivered,France
ORD00050,PRD0025,BUY0025,2026-05-30,1,15.31,2026-06-06,2026-06-05,Delivered,France
ORD00051,PRD0071,BUY0392,2026-06-14,1,5.94,2026-06-17,2026-06-17,Delivered,UK
ORD00052,PRD0035,BUY0144,2026-03-25,1,29.19,2026-03-28,2026-03-29,Delivered,UK
ORD00053,PRD0007,BUY0102,2025-08-05,5,98.97,2025-08-10,2025-08-17,Delayed,Spain
ORD00054,PRD0055,BUY0264,2025-08-03,1,11.93,2025-08-09,2025-08-08,Delivered,France
ORD00055,PRD0138,BUY0154,2026-02-15,5,184.36,2026-02-20,2026-02-21,Delivered,Spain
ORD00056,PRD0034,BUY0398,2025-05-13,5,173.62,2025-05-16,2025-05-16,Delivered,Germany
ORD00057,PRD0146,BUY0125,2026-03-15,1,11.63,2026-03-22,2026-03-23,Delivered,France
ORD00058,PRD0136,BUY0314,2026-01-30,1,9.56,2026-02-05,2026-02-06,Delivered,Germany
ORD00059,PRD0122,BUY0161,2026-03-13,2,12.59,2026-03-20,2026-03-21,Delivered,UK
ORD00060,PRD0108,BUY0143,2026-05-14,1,8.86,2026-05-19,2026-05-18,Delivered,Italy
ORD00061,PRD0054,BUY0370,2026-02-21,3,51.72,2026-02-27,2026-02-27,Delivered,Italy
ORD00062,PRD0121,BUY0148,2026-06-13,4,48.05,2026-06-18,2026-06-17,Delivered,France
ORD00063,PRD0085,BUY0380,2026-01-12,2,20.36,2026-01-19,2026-01-19,Delivered,Spain
ORD00064,PRD0001,BUY0003,2026-05-02,1,11.11,2026-05-05,2026-05-06,Delivered,UK
ORD00065,PRD0111,BUY0331,2026-03-10,4,59.77,2026-03-16,2026-03-16,Delivered,France
ORD00066,PRD0092,BUY0091,2025-10-17,1,23.93,2025-10-20,2025-10-19,Delivered,Italy
ORD00067,PRD0024,BUY0309,2026-03-29,1,10.2,2026-04-03,2026-04-01,Delivered,Germany
ORD00068,PRD0043,BUY0058,2026-06-07,1,11.21,2026-06-11,2026-06-12,Delivered,UK
ORD00069,PRD0048,BUY0208,2026-02-14,1,17.48,2026-02-19,2026-02-18,Delivered,Germany
ORD00070,PRD0008,BUY0121,2025-10-18,1,25.53,2025-10-23,2025-10-21,Delivered,UK
ORD00071,PRD0093,BUY0239,2025-12-09,2,29.82,2025-12-14,2025-12-12,Delivered,Italy
ORD00072,PRD0132,BUY0245,2026-03-26,2,61.85,2026-03-31,2026-04-05,Delayed,UK
ORD00073,PRD0082,BUY0349,2026-03-03,2,11.62,2026-03-10,2026-03-09,Delivered,UK
ORD00074,PRD0028,BUY0077,2026-05-25,1,12.32,2026-06-01,2026-06-01,Returned,France
ORD00075,PRD0034,BUY0263,2025-08-19,2,69.05,2025-08-26,2025-08-24,Delivered,Germany
ORD00076,PRD0106,BUY0359,2026-04-17,2,11.79,2026-04-20,2026-04-18,Delivered,Spain
ORD00077,PRD0142,BUY0374,2026-03-18,5,44.77,2026-03-23,2026-03-27,Delayed,Spain
ORD00078,PRD0010,BUY0179,2025-11-02,1,11.29,2025-11-08,2025-11-07,Delivered,UK
ORD00079,PRD0098,BUY0369,2026-05-23,2,19.12,2026-05-26,2026-05-26,Delivered,Spain
ORD00080,PRD0082,BUY0315,2025-09-12,1,5.55,2025-09-16,2025-09-14,Delivered,UK
ORD00081,PRD0143,BUY0206,2025-11-19,1,12.21,2025-11-25,2025-11-23,Delivered,UK
ORD00082,PRD0067,BUY0396,2025-09-17,1,20.93,2025-09-21,2025-09-21,Delivered,UK
ORD00083,PRD0047,BUY0303,2025-11-18,5,319.51,2025-11-24,2025-11-22,Delivered,UK
ORD00084,PRD0117,BUY0164,2026-03-19,2,91.11,2026-03-24,2026-03-25,Delivered,UK
ORD00085,PRD0062,BUY0030,2025-08-11,2,34.7,2025-08-15,2025-08-14,Delivered,France
ORD00086,PRD0141,BUY0048,2025-08-28,1,7.49,2025-09-02,2025-09-03,Delivered,France
ORD00087,PRD0108,BUY0171,2026-04-23,2,17.55,2026-04-26,2026-05-06,Delayed,Italy
ORD00088,PRD0119,BUY0123,2026-01-19,5,64.24,2026-01-25,2026-01-24,Delivered,Spain
ORD00089,PRD0035,BUY0370,2026-03-18,2,57.53,2026-03-23,2026-03-24,Delivered,UK
ORD00090,PRD0081,BUY0300,2025-08-15,1,4.85,2025-08-19,2025-08-17,Delivered,UK
ORD00091,PRD0082,BUY0251,2025-12-05,1,5.69,2025-12-09,2025-12-09,Delivered,UK
ORD00092,PRD0079,BUY0269,2026-03-23,2,81.51,2026-03-27,2026-03-28,Delivered,Italy
ORD00093,PRD0060,BUY0192,2025-11-04,2,15.62,2025-11-08,2025-11-08,Returned,UK
ORD00094,PRD0070,BUY0275,2026-05-12,2,36.95,2026-05-19,2026-05-21,Delayed,UK
ORD00095,PRD0068,BUY0124,2026-06-10,1,5.12,2026-06-14,2026-06-17,Delayed,UK
ORD00096,PRD0086,BUY0116,2025-10-17,3,36.87,2025-10-23,2025-10-22,Delivered,Germany
ORD00097,PRD0081,BUY0029,2026-06-29,3,15.2,2026-07-02,2026-07-03,Delivered,UK
ORD00098,PRD0069,BUY0139,2026-02-10,2,29.87,2026-02-13,2026-02-11,Delivered,Italy
ORD00099,PRD0050,BUY0386,2026-06-24,2,104.53,2026-06-29,,Cancelled,Italy
ORD00100,PRD0129,BUY0277,2025-06-22,1,16.49,2025-06-29,2025-06-30,Delivered,Italy
ORD00101,PRD0029,BUY0175,2026-05-02,1,11.32,2026-05-05,2026-05-10,Delayed,Spain
ORD00102,PRD0042,BUY0183,2026-06-22,3,39.33,2026-06-27,2026-06-28,Delivered,UK
ORD00103,PRD0027,BUY0043,2026-02-28,2,26.7,2026-03-07,2026-03-12,Delayed,France
ORD00104,PRD0074,BUY0228,2025-12-01,2,26.05,2025-12-04,,Cancelled,Spain
ORD00105,PRD0060,BUY0182,2025-12-17,1,7.82,2025-12-24,2025-12-25,Delivered,UK
ORD00106,PRD0082,BUY0087,2026-01-31,1,5.64,2026-02-03,2026-02-02,Delivered,UK
ORD00107,PRD0071,BUY0040,2026-03-03,1,5.96,2026-03-09,2026-03-09,Delivered,UK
ORD00108,PRD0005,BUY0171,2026-05-20,2,35.2,2026-05-23,2026-05-25,Delayed,Germany
ORD00109,PRD0076,BUY0356,2026-03-19,1,8.63,2026-03-26,2026-04-02,Delayed,UK
ORD00110,PRD0043,BUY0144,2026-02-12,1,11.08,2026-02-18,2026-02-17,Delivered,UK
ORD00111,PRD0033,BUY0237,2026-04-27,1,36.66,2026-05-01,2026-04-29,Delivered,Spain
ORD00112,PRD0095,BUY0124,2026-06-12,2,10.17,2026-06-18,2026-06-17,Delivered,Italy
ORD00113,PRD0029,BUY0185,2026-06-09,1,11.33,2026-06-15,2026-06-16,Delivered,Spain
ORD00114,PRD0015,BUY0331,2025-06-11,1,18.55,2025-06-16,2025-06-18,Delayed,France
ORD00115,PRD0129,BUY0201,2026-06-25,1,15.95,2026-06-30,2026-06-29,Delivered,Italy
ORD00116,PRD0098,BUY0073,2026-05-24,1,9.44,2026-05-27,2026-05-30,Delayed,Spain
ORD00117,PRD0068,BUY0154,2026-05-21,1,4.98,2026-05-27,2026-05-28,Delivered,UK
ORD00118,PRD0111,BUY0283,2025-10-02,2,29.53,2025-10-06,2025-10-05,Delivered,France
ORD00119,PRD0001,BUY0378,2026-02-15,3,34.13,2026-02-19,2026-02-20,Delivered,UK
ORD00120,PRD0048,BUY0275,2025-08-30,1,16.94,2025-09-04,2025-09-02,Delivered,Germany
ORD00121,PRD0099,BUY0179,2026-02-05,2,12.71,2026-02-10,2026-02-11,Delivered,France
ORD00122,PRD0009,BUY0123,2026-05-28,2,51.35,2026-06-04,2026-06-03,Delivered,Germany
ORD00123,PRD0083,BUY0276,2026-06-27,1,15.36,2026-07-04,2026-07-03,Delivered,Italy
ORD00124,PRD0091,BUY0184,2026-05-10,1,7.45,2026-05-14,2026-05-15,Delivered,France
ORD00125,PRD0137,BUY0228,2025-11-10,5,126.34,2025-11-16,2025-11-17,Delivered,Spain
ORD00126,PRD0082,BUY0396,2025-08-15,1,5.59,2025-08-22,2025-08-23,Delivered,UK
ORD00127,PRD0018,BUY0226,2025-11-28,1,5.0,2025-12-03,2025-12-01,Delivered,Italy
ORD00128,PRD0094,BUY0045,2026-05-05,2,12.01,2026-05-08,2026-05-08,Delivered,Italy
ORD00129,PRD0147,BUY0106,2026-01-06,1,18.46,2026-01-11,2026-01-12,Delivered,France
ORD00130,PRD0023,BUY0137,2026-04-14,1,9.13,2026-04-19,2026-04-19,Delivered,UK
ORD00131,PRD0121,BUY0065,2026-05-26,1,12.27,2026-06-01,2026-06-01,Delivered,France
ORD00132,PRD0145,BUY0193,2025-12-22,3,15.2,2025-12-28,2026-01-03,Delayed,Spain
ORD00133,PRD0149,BUY0002,2025-05-14,1,22.92,2025-05-19,2025-05-20,Delivered,France
ORD00134,PRD0006,BUY0109,2026-06-20,2,23.33,2026-06-23,2026-06-24,Delivered,Spain
ORD00135,PRD0027,BUY0236,2026-02-09,2,27.49,2026-02-15,2026-02-13,Delivered,France
ORD00136,PRD0050,BUY0155,2026-06-13,1,55.25,2026-06-17,2026-06-16,Delivered,Italy
ORD00137,PRD0143,BUY0387,2026-02-06,1,12.05,2026-02-10,2026-02-11,Returned,UK
ORD00138,PRD0141,BUY0176,2025-06-21,1,7.41,2025-06-28,2025-06-29,Delivered,France
ORD00139,PRD0064,BUY0154,2025-04-30,1,12.25,2025-05-03,2025-05-01,Delivered,France
ORD00140,PRD0037,BUY0085,2026-03-25,2,20.05,2026-03-28,2026-03-30,Delayed,UK
ORD00141,PRD0021,BUY0072,2025-09-08,4,176.3,2025-09-14,2025-09-12,Delivered,Germany
ORD00142,PRD0104,BUY0308,2026-06-15,1,6.98,2026-06-20,2026-06-19,Delivered,UK
ORD00143,PRD0122,BUY0152,2026-03-09,3,19.05,2026-03-14,2026-03-13,Delivered,UK
ORD00144,PRD0022,BUY0007,2025-12-29,1,13.43,2026-01-04,2026-01-02,Delivered,Spain
ORD00145,PRD0083,BUY0008,2026-06-21,1,15.44,2026-06-27,2026-06-25,Delivered,Italy
ORD00146,PRD0144,BUY0043,2026-06-06,1,21.12,2026-06-13,2026-06-14,Delivered,France
ORD00147,PRD0138,BUY0201,2025-11-28,1,36.37,2025-12-02,2025-12-01,Delivered,Spain
ORD00148,PRD0088,BUY0060,2026-04-23,1,11.09,2026-04-27,2026-04-26,Returned,UK
ORD00149,PRD0119,BUY0268,2026-06-09,2,25.79,2026-06-12,2026-06-10,Delivered,Spain
ORD00150,PRD0061,BUY0016,2025-12-25,1,24.22,2025-12-30,2025-12-28,Delivered,Spain
ORD00151,PRD0078,BUY0086,2025-11-15,2,30.14,2025-11-18,2025-11-18,Delivered,Germany
ORD00152,PRD0007,BUY0007,2026-03-21,2,38.92,2026-03-28,,Cancelled,Spain
ORD00153,PRD0006,BUY0214,2026-06-15,4,45.23,2026-06-18,2026-06-26,Delayed,Spain
ORD00154,PRD0092,BUY0036,2026-04-09,1,23.61,2026-04-12,2026-04-10,Delivered,Italy
ORD00155,PRD0085,BUY0156,2026-02-09,1,10.39,2026-02-12,2026-02-12,Delivered,Spain
ORD00156,PRD0003,BUY0013,2026-01-21,5,85.03,2026-01-28,2026-01-27,Delivered,UK
ORD00157,PRD0087,BUY0122,2026-01-17,4,61.39,2026-01-23,2026-01-23,Delivered,France
ORD00158,PRD0050,BUY0191,2026-05-04,2,104.91,2026-05-08,2026-05-09,Delivered,Italy
ORD00159,PRD0076,BUY0067,2026-04-05,1,8.63,2026-04-08,2026-04-06,Delivered,UK
ORD00160,PRD0099,BUY0070,2026-04-13,2,12.9,2026-04-18,2026-04-23,Delayed,France
ORD00161,PRD0012,BUY0238,2026-03-27,1,42.22,2026-03-30,2026-03-29,Delivered,Spain
ORD00162,PRD0100,BUY0168,2026-03-30,1,19.59,2026-04-06,,Cancelled,Italy
ORD00163,PRD0020,BUY0232,2026-02-25,1,33.23,2026-03-02,2026-03-06,Delayed,Germany
ORD00164,PRD0133,BUY0114,2025-12-01,3,32.96,2025-12-04,,Cancelled,Germany
ORD00165,PRD0043,BUY0039,2026-03-11,2,22.47,2026-03-14,2026-03-20,Delayed,UK
ORD00166,PRD0054,BUY0371,2026-05-07,3,49.84,2026-05-12,2026-05-21,Delayed,Italy
ORD00167,PRD0048,BUY0316,2025-05-11,1,17.66,2025-05-16,2025-05-15,Delivered,Germany
ORD00168,PRD0037,BUY0196,2026-06-21,1,9.79,2026-06-25,2026-07-05,Delayed,UK
ORD00169,PRD0119,BUY0113,2026-04-05,1,13.2,2026-04-10,2026-04-09,Delivered,Spain
ORD00170,PRD0135,BUY0137,2026-01-28,1,32.94,2026-02-01,2026-01-30,Delivered,Germany
ORD00171,PRD0120,BUY0378,2026-05-20,5,61.05,2026-05-26,2026-05-25,Delivered,Italy
ORD00172,PRD0131,BUY0253,2026-02-16,1,21.53,2026-02-20,2026-02-25,Delayed,Germany
ORD00173,PRD0086,BUY0104,2025-07-01,1,12.4,2025-07-08,2025-07-08,Delivered,Germany
ORD00174,PRD0147,BUY0270,2026-05-31,3,54.02,2026-06-03,2026-06-07,Delayed,France
ORD00175,PRD0057,BUY0224,2026-03-28,2,58.56,2026-04-02,2026-04-02,Returned,Spain
ORD00176,PRD0003,BUY0090,2025-08-11,2,33.58,2025-08-18,2025-08-17,Delivered,UK
ORD00177,PRD0097,BUY0314,2025-06-22,2,26.02,2025-06-29,2025-06-27,Delivered,France
ORD00178,PRD0148,BUY0046,2026-02-26,1,38.56,2026-03-03,2026-03-02,Delivered,UK
ORD00179,PRD0101,BUY0056,2026-01-21,1,7.93,2026-01-25,2026-01-25,Delivered,Germany
ORD00180,PRD0069,BUY0052,2026-02-02,5,77.19,2026-02-08,2026-02-08,Delivered,Italy
ORD00181,PRD0011,BUY0054,2026-05-15,1,8.18,2026-05-18,2026-05-25,Delayed,UK
ORD00182,PRD0049,BUY0221,2025-03-30,1,35.66,2025-04-02,2025-04-03,Delivered,France
ORD00183,PRD0142,BUY0374,2026-03-30,1,8.88,2026-04-03,2026-04-13,Delayed,Spain
ORD00184,PRD0096,BUY0151,2025-07-27,1,8.75,2025-08-02,2025-08-09,Delayed,Italy
ORD00185,PRD0012,BUY0158,2026-03-09,1,41.86,2026-03-14,2026-03-15,Delivered,Spain
ORD00186,PRD0091,BUY0229,2026-02-24,1,7.57,2026-02-28,2026-03-01,Delivered,France
ORD00187,PRD0056,BUY0212,2026-06-25,1,12.12,2026-06-28,2026-06-29,Returned,France
ORD00188,PRD0096,BUY0121,2025-12-23,3,26.0,2025-12-30,2025-12-31,Delivered,Italy
ORD00189,PRD0050,BUY0089,2026-04-20,1,55.06,2026-04-27,2026-04-26,Delivered,Italy
ORD00190,PRD0093,BUY0133,2025-05-23,1,15.29,2025-05-29,2025-05-28,Delivered,Italy
ORD00191,PRD0102,BUY0007,2025-08-17,1,7.22,2025-08-22,2025-08-23,Delivered,UK
ORD00192,PRD0117,BUY0289,2026-03-15,1,45.85,2026-03-22,2026-03-20,Delivered,UK
ORD00193,PRD0045,BUY0207,2025-12-10,3,30.02,2025-12-16,2025-12-25,Delayed,Spain
ORD00194,PRD0093,BUY0138,2025-03-05,1,15.71,2025-03-09,,Cancelled,Italy
ORD00195,PRD0057,BUY0227,2026-02-09,1,30.18,2026-02-12,2026-02-11,Delivered,Spain
ORD00196,PRD0012,BUY0264,2026-03-07,1,41.96,2026-03-13,2026-03-13,Delivered,Spain
ORD00197,PRD0015,BUY0030,2025-11-21,1,19.23,2025-11-28,,Cancelled,France
ORD00198,PRD0135,BUY0124,2025-12-02,2,63.96,2025-12-08,2025-12-06,Delivered,Germany
ORD00199,PRD0088,BUY0353,2026-01-26,2,21.72,2026-01-30,2026-01-30,Delivered,UK
ORD00200,PRD0140,BUY0210,2026-03-10,3,14.71,2026-03-14,2026-03-13,Delivered,Germany
ORD00201,PRD0142,BUY0157,2026-06-05,1,9.19,2026-06-09,2026-06-07,Delivered,Spain
ORD00202,PRD0140,BUY0004,2025-11-30,3,14.93,2025-12-04,2025-12-05,Delivered,Germany
ORD00203,PRD0078,BUY0173,2026-01-11,2,30.17,2026-01-16,2026-01-19,Delayed,Germany
ORD00204,PRD0014,BUY0308,2026-02-09,2,22.35,2026-02-14,2026-02-13,Delivered,UK
ORD00205,PRD0017,BUY0019,2025-05-21,2,51.53,2025-05-26,2025-05-27,Delivered,UK
ORD00206,PRD0009,BUY0344,2026-03-04,2,51.11,2026-03-11,2026-03-12,Delivered,Germany
ORD00207,PRD0148,BUY0172,2026-06-12,1,38.6,2026-06-16,2026-06-15,Delivered,UK
ORD00208,PRD0134,BUY0061,2026-02-20,1,11.75,2026-02-25,2026-03-03,Delayed,France
ORD00209,PRD0077,BUY0212,2025-04-04,1,17.99,2025-04-07,2025-04-08,Delivered,UK
ORD00210,PRD0089,BUY0250,2026-03-26,1,28.28,2026-04-01,2026-04-05,Delayed,Italy
ORD00211,PRD0093,BUY0391,2025-03-15,1,15.15,2025-03-19,2025-03-18,Delivered,Italy
ORD00212,PRD0150,BUY0375,2026-05-04,1,15.05,2026-05-10,,Cancelled,UK
ORD00213,PRD0033,BUY0160,2026-02-24,2,71.33,2026-02-27,2026-02-26,Delivered,Spain
ORD00214,PRD0099,BUY0173,2025-12-18,1,6.19,2025-12-23,2026-01-02,Delayed,France
ORD00215,PRD0081,BUY0373,2026-05-14,1,5.06,2026-05-18,2026-05-19,Delivered,UK
ORD00216,PRD0133,BUY0320,2026-03-14,1,11.14,2026-03-17,2026-03-23,Delayed,Germany
ORD00217,PRD0068,BUY0243,2026-06-07,3,14.56,2026-06-10,2026-06-11,Delivered,UK
ORD00218,PRD0041,BUY0054,2025-01-29,1,11.87,2025-02-05,2025-02-04,Delivered,UK
ORD00219,PRD0086,BUY0210,2025-07-27,1,12.69,2025-08-01,2025-07-31,Delivered,Germany
ORD00220,PRD0123,BUY0057,2026-04-16,2,11.51,2026-04-20,,Cancelled,Germany
ORD00221,PRD0082,BUY0330,2025-06-03,4,23.06,2025-06-06,2025-06-04,Delivered,UK
ORD00222,PRD0132,BUY0161,2026-05-04,1,31.25,2026-05-07,2026-05-07,Delivered,UK
ORD00223,PRD0140,BUY0138,2025-06-14,1,4.88,2025-06-18,2025-06-19,Delivered,Germany
ORD00224,PRD0025,BUY0245,2025-07-12,1,14.82,2025-07-18,2025-07-19,Delivered,France
ORD00225,PRD0141,BUY0348,2025-08-17,1,7.7,2025-08-21,2025-08-30,Delayed,France
ORD00226,PRD0022,BUY0226,2025-09-12,3,42.19,2025-09-16,2025-09-25,Delayed,Spain
ORD00227,PRD0095,BUY0343,2026-04-08,3,14.99,2026-04-15,2026-04-14,Delivered,Italy
ORD00228,PRD0143,BUY0006,2026-06-18,1,12.26,2026-06-22,2026-06-23,Delivered,UK
ORD00229,PRD0129,BUY0026,2026-01-22,3,48.03,2026-01-28,2026-01-28,Delivered,Italy
ORD00230,PRD0060,BUY0061,2026-02-08,1,7.82,2026-02-15,2026-02-16,Delivered,UK
ORD00231,PRD0017,BUY0288,2025-11-30,1,25.11,2025-12-03,2025-12-03,Delivered,UK
ORD00232,PRD0142,BUY0187,2026-04-25,3,27.42,2026-05-01,2026-05-10,Delayed,Spain
ORD00233,PRD0010,BUY0024,2025-08-12,1,10.91,2025-08-17,2025-08-17,Delivered,UK
ORD00234,PRD0127,BUY0202,2026-04-13,2,23.08,2026-04-20,2026-04-18,Delivered,Germany
ORD00235,PRD0104,BUY0302,2026-06-04,1,7.09,2026-06-11,2026-06-20,Delayed,UK
ORD00236,PRD0098,BUY0400,2026-06-17,2,19.5,2026-06-23,2026-06-24,Delivered,Spain
ORD00237,PRD0068,BUY0197,2026-06-17,3,14.61,2026-06-24,2026-06-24,Delivered,UK
ORD00238,PRD0129,BUY0360,2025-09-18,1,16.89,2025-09-23,2025-09-22,Delivered,Italy
ORD00239,PRD0126,BUY0068,2026-03-25,2,74.56,2026-04-01,2026-04-01,Delivered,France
ORD00240,PRD0005,BUY0342,2026-05-22,1,18.08,2026-05-25,2026-05-26,Delivered,Germany
ORD00241,PRD0139,BUY0028,2026-04-02,1,7.34,2026-04-05,2026-04-03,Delivered,Italy
ORD00242,PRD0095,BUY0184,2025-07-04,5,25.22,2025-07-08,2025-07-08,Delivered,Italy
ORD00243,PRD0047,BUY0025,2026-06-20,3,194.24,2026-06-27,2026-06-27,Delivered,UK
ORD00244,PRD0104,BUY0325,2026-06-01,5,34.7,2026-06-06,2026-06-07,Delivered,UK
ORD00245,PRD0031,BUY0039,2026-03-08,2,17.83,2026-03-12,2026-03-16,Delayed,Spain
ORD00246,PRD0046,BUY0364,2026-04-26,1,25.32,2026-05-01,2026-05-07,Delayed,France
ORD00247,PRD0099,BUY0363,2025-10-20,3,19.22,2025-10-25,2025-11-04,Delayed,France
ORD00248,PRD0135,BUY0110,2025-07-05,3,95.27,2025-07-12,2025-07-10,Delivered,Germany
ORD00249,PRD0141,BUY0329,2026-05-03,1,7.83,2026-05-06,2026-05-13,Delayed,France
ORD00250,PRD0052,BUY0013,2026-03-14,3,70.12,2026-03-17,2026-03-27,Delayed,UK
ORD00251,PRD0085,BUY0086,2026-05-21,1,10.08,2026-05-25,2026-05-23,Delivered,Spain
ORD00252,PRD0049,BUY0106,2025-03-21,1,35.1,2025-03-25,2025-03-26,Delivered,France
ORD00253,PRD0106,BUY0020,2026-05-20,2,12.17,2026-05-24,,Cancelled,Spain
ORD00254,PRD0117,BUY0323,2025-12-19,2,94.08,2025-12-23,2025-12-24,Delivered,UK
ORD00255,PRD0017,BUY0038,2025-07-07,1,25.23,2025-07-14,2025-07-13,Returned,UK
ORD00256,PRD0001,BUY0274,2026-06-11,1,11.01,2026-06-17,2026-06-15,Delivered,UK
ORD00257,PRD0120,BUY0006,2026-06-11,1,12.76,2026-06-15,2026-06-15,Delivered,Italy
ORD00258,PRD0075,BUY0372,2026-05-28,2,33.8,2026-06-04,2026-06-04,Delivered,France
ORD00259,PRD0026,BUY0385,2026-06-17,1,13.94,2026-06-24,2026-06-23,Delivered,UK
ORD00260,PRD0088,BUY0183,2026-03-06,1,11.07,2026-03-11,2026-03-20,Delayed,UK
ORD00261,PRD0074,BUY0079,2026-03-30,1,12.93,2026-04-05,2026-04-11,Delayed,Spain
ORD00262,PRD0111,BUY0185,2025-11-15,1,14.45,2025-11-19,2025-11-20,Delivered,France
ORD00263,PRD0054,BUY0042,2026-05-16,1,17.31,2026-05-22,2026-05-21,Delivered,Italy
ORD00264,PRD0010,BUY0324,2026-01-21,1,11.16,2026-01-24,2026-01-22,Delivered,UK
ORD00265,PRD0115,BUY0077,2026-05-13,1,12.88,2026-05-18,2026-05-19,Delivered,Spain
ORD00266,PRD0096,BUY0006,2026-06-18,3,25.56,2026-06-25,2026-06-26,Delivered,Italy
ORD00267,PRD0071,BUY0248,2026-01-09,2,11.98,2026-01-13,2026-01-12,Delivered,UK
ORD00268,PRD0092,BUY0233,2025-10-17,1,23.43,2025-10-20,2025-10-20,Delivered,Italy
ORD00269,PRD0047,BUY0292,2025-10-28,2,127.8,2025-11-02,2025-11-02,Delivered,UK
ORD00270,PRD0128,BUY0177,2025-10-05,1,40.62,2025-10-09,2025-10-09,Delivered,UK
ORD00271,PRD0130,BUY0081,2026-06-13,3,55.42,2026-06-17,2026-06-18,Returned,France
ORD00272,PRD0108,BUY0303,2026-04-04,1,8.63,2026-04-07,2026-04-16,Delayed,Italy
ORD00273,PRD0053,BUY0076,2025-12-22,1,11.63,2025-12-26,2025-12-24,Delivered,Spain
ORD00274,PRD0082,BUY0111,2026-02-21,2,11.38,2026-02-24,2026-02-24,Delivered,UK
ORD00275,PRD0035,BUY0262,2025-12-15,1,28.94,2025-12-19,2025-12-18,Delivered,UK
ORD00276,PRD0052,BUY0077,2025-11-17,2,45.86,2025-11-23,2025-11-26,Delayed,UK
ORD00277,PRD0111,BUY0067,2026-02-11,1,14.86,2026-02-18,2026-02-16,Delivered,France
ORD00278,PRD0014,BUY0394,2026-05-07,1,10.8,2026-05-10,2026-05-11,Delivered,UK
ORD00279,PRD0091,BUY0043,2026-06-15,2,15.03,2026-06-20,2026-06-19,Delivered,France
ORD00280,PRD0061,BUY0193,2025-09-22,1,24.17,2025-09-25,2025-09-23,Delivered,Spain
ORD00281,PRD0034,BUY0314,2026-01-26,1,34.4,2026-02-02,2026-02-03,Delivered,Germany
ORD00282,PRD0083,BUY0158,2026-06-21,2,30.65,2026-06-25,2026-06-26,Delivered,Italy
ORD00283,PRD0072,BUY0206,2025-09-30,3,21.14,2025-10-04,2025-10-03,Delivered,Spain
ORD00284,PRD0116,BUY0308,2026-02-24,1,9.72,2026-02-27,2026-02-26,Delivered,Italy
ORD00285,PRD0115,BUY0306,2026-01-02,2,26.86,2026-01-08,2026-01-08,Delivered,Spain
ORD00286,PRD0031,BUY0262,2026-02-23,1,8.92,2026-03-02,2026-03-04,Delayed,Spain
ORD00287,PRD0036,BUY0205,2025-09-01,1,20.55,2025-09-05,,Cancelled,UK
ORD00288,PRD0114,BUY0287,2026-04-14,1,7.09,2026-04-17,2026-04-17,Delivered,Italy
ORD00289,PRD0113,BUY0209,2025-12-13,1,9.26,2025-12-19,2025-12-17,Delivered,Germany
ORD00290,PRD0016,BUY0194,2026-01-11,4,92.57,2026-01-16,2026-01-16,Delivered,Italy
ORD00291,PRD0003,BUY0196,2026-06-15,1,16.69,2026-06-22,2026-06-23,Delivered,UK
ORD00292,PRD0146,BUY0135,2026-01-10,3,34.44,2026-01-15,2026-01-13,Delivered,France
ORD00293,PRD0088,BUY0138,2025-11-20,1,11.24,2025-11-26,2025-11-25,Delivered,UK
ORD00294,PRD0127,BUY0317,2025-07-04,1,11.61,2025-07-08,2025-07-07,Delivered,Germany
ORD00295,PRD0010,BUY0022,2025-05-31,2,22.24,2025-06-07,,Cancelled,UK
ORD00296,PRD0125,BUY0204,2026-03-24,1,14.66,2026-03-31,2026-04-01,Delivered,Italy
ORD00297,PRD0018,BUY0398,2026-05-22,1,5.12,2026-05-25,2026-05-26,Delivered,Italy
ORD00298,PRD0128,BUY0314,2026-04-19,1,39.71,2026-04-23,2026-04-21,Delivered,UK
ORD00299,PRD0144,BUY0386,2025-09-12,1,21.54,2025-09-17,2025-09-18,Delivered,France
ORD00300,PRD0145,BUY0285,2025-07-30,2,10.27,2025-08-03,2025-08-03,Delivered,Spain
ORD00301,PRD0083,BUY0154,2026-06-04,1,14.82,2026-06-10,2026-06-10,Delivered,Italy
ORD00302,PRD0077,BUY0172,2025-05-03,2,35.69,2025-05-08,2025-05-06,Delivered,UK
ORD00303,PRD0010,BUY0333,2026-06-09,1,10.69,2026-06-12,2026-06-11,Delivered,UK
ORD00304,PRD0130,BUY0238,2026-01-14,1,18.55,2026-01-20,2026-01-21,Delivered,France
ORD00305,PRD0095,BUY0117,2026-05-31,4,19.87,2026-06-07,2026-06-05,Delivered,Italy
ORD00306,PRD0094,BUY0267,2026-04-10,2,11.99,2026-04-16,2026-04-16,Delivered,Italy
ORD00307,PRD0125,BUY0053,2026-01-08,1,14.02,2026-01-13,2026-01-11,Delivered,Italy
ORD00308,PRD0137,BUY0159,2025-05-25,1,25.1,2025-05-28,2025-06-01,Delayed,Spain
ORD00309,PRD0051,BUY0167,2026-05-19,1,5.21,2026-05-22,,Cancelled,Italy
ORD00310,PRD0145,BUY0326,2025-11-01,1,4.88,2025-11-08,2025-11-17,Delayed,Spain
ORD00311,PRD0026,BUY0188,2026-06-19,1,14.08,2026-06-26,2026-06-24,Delivered,UK
ORD00312,PRD0016,BUY0252,2026-04-14,3,69.61,2026-04-19,2026-04-17,Delivered,Italy
ORD00313,PRD0095,BUY0288,2025-11-19,3,15.06,2025-11-22,2025-11-21,Delivered,Italy
ORD00314,PRD0009,BUY0314,2026-05-21,1,25.8,2026-05-26,2026-05-26,Returned,Germany
ORD00315,PRD0125,BUY0317,2026-05-19,3,42.53,2026-05-22,2026-05-22,Delivered,Italy
ORD00316,PRD0070,BUY0145,2025-11-27,1,18.52,2025-12-04,,Cancelled,UK
ORD00317,PRD0129,BUY0256,2026-05-21,1,16.03,2026-05-24,2026-05-24,Delivered,Italy
ORD00318,PRD0145,BUY0037,2025-12-31,1,5.07,2026-01-04,,Cancelled,Spain
ORD00319,PRD0004,BUY0227,2026-06-18,1,9.08,2026-06-21,2026-06-21,Returned,Spain
ORD00320,PRD0027,BUY0082,2026-05-16,3,41.12,2026-05-20,2026-05-26,Delayed,France
ORD00321,PRD0122,BUY0112,2026-05-11,1,6.28,2026-05-16,2026-05-14,Delivered,UK
ORD00322,PRD0068,BUY0298,2026-03-17,1,4.92,2026-03-20,2026-03-19,Delivered,UK
ORD00323,PRD0076,BUY0389,2026-03-02,3,25.03,2026-03-08,2026-03-15,Delayed,UK
ORD00324,PRD0045,BUY0388,2026-06-11,1,9.91,2026-06-17,2026-06-27,Delayed,Spain
ORD00325,PRD0023,BUY0225,2025-12-04,2,18.06,2025-12-08,2025-12-06,Delivered,UK
ORD00326,PRD0030,BUY0231,2026-01-14,1,36.26,2026-01-20,2026-01-19,Delivered,France
ORD00327,PRD0108,BUY0123,2026-03-06,3,26.17,2026-03-10,2026-03-10,Delivered,Italy
ORD00328,PRD0010,BUY0166,2026-06-14,1,11.03,2026-06-20,2026-06-19,Delivered,UK
ORD00329,PRD0112,BUY0099,2026-06-26,1,15.16,2026-06-30,2026-07-02,Delayed,UK
ORD00330,PRD0043,BUY0007,2026-05-10,1,11.08,2026-05-15,,Cancelled,UK
ORD00331,PRD0135,BUY0381,2026-02-07,4,132.26,2026-02-13,2026-02-11,Delivered,Germany
ORD00332,PRD0136,BUY0266,2026-02-09,3,28.42,2026-02-12,2026-02-12,Delivered,Germany
ORD00333,PRD0141,BUY0286,2025-09-26,1,7.67,2025-10-03,2025-10-02,Delivered,France
ORD00334,PRD0098,BUY0282,2026-06-06,2,19.68,2026-06-12,2026-06-11,Delivered,Spain
ORD00335,PRD0074,BUY0212,2026-03-25,1,13.05,2026-03-30,2026-04-06,Delayed,Spain
ORD00336,PRD0022,BUY0232,2025-12-30,2,27.03,2026-01-06,2026-01-06,Delivered,Spain
ORD00337,PRD0149,BUY0110,2025-08-20,2,45.21,2025-08-25,,Cancelled,France
ORD00338,PRD0011,BUY0183,2026-05-22,4,33.58,2026-05-29,2026-05-28,Delivered,UK
ORD00339,PRD0064,BUY0371,2025-06-29,1,12.68,2025-07-02,2025-07-01,Delivered,France
ORD00340,PRD0141,BUY0196,2026-06-09,2,15.49,2026-06-12,2026-06-12,Delivered,France
ORD00341,PRD0056,BUY0309,2026-05-25,3,37.2,2026-05-28,2026-05-27,Delivered,France
ORD00342,PRD0076,BUY0114,2025-12-10,1,8.24,2025-12-17,2025-12-17,Delivered,UK
ORD00343,PRD0020,BUY0076,2026-03-20,2,68.61,2026-03-23,2026-03-29,Delayed,Germany
ORD00344,PRD0037,BUY0247,2026-03-03,1,9.78,2026-03-09,2026-03-13,Delayed,UK
ORD00345,PRD0091,BUY0221,2026-02-07,2,15.55,2026-02-14,2026-02-12,Delivered,France
ORD00346,PRD0057,BUY0087,2026-04-06,1,29.3,2026-04-11,2026-04-13,Delayed,Spain
ORD00347,PRD0017,BUY0058,2025-12-20,2,49.86,2025-12-24,2025-12-31,Delayed,UK
ORD00348,PRD0133,BUY0242,2025-12-12,3,34.34,2025-12-15,2025-12-18,Delayed,Germany
ORD00349,PRD0137,BUY0343,2025-08-10,1,25.64,2025-08-17,2025-08-16,Delivered,Spain
ORD00350,PRD0024,BUY0005,2025-08-10,1,9.78,2025-08-14,2025-08-14,Delivered,Germany
ORD00351,PRD0115,BUY0261,2026-05-30,1,12.94,2026-06-04,2026-06-05,Delivered,Spain
ORD00352,PRD0122,BUY0365,2026-06-24,2,12.27,2026-06-28,2026-06-29,Delivered,UK
ORD00353,PRD0084,BUY0155,2026-01-15,1,37.58,2026-01-18,2026-01-18,Delivered,UK
ORD00354,PRD0074,BUY0144,2026-05-18,1,12.98,2026-05-24,2026-05-22,Delivered,Spain
ORD00355,PRD0122,BUY0294,2026-03-23,1,6.25,2026-03-30,2026-03-29,Delivered,UK
ORD00356,PRD0017,BUY0159,2025-10-23,1,24.47,2025-10-27,2025-11-01,Delayed,UK
ORD00357,PRD0142,BUY0286,2026-05-04,5,46.13,2026-05-08,2026-05-07,Delivered,Spain
ORD00358,PRD0124,BUY0327,2025-11-12,2,12.54,2025-11-18,2025-11-18,Delivered,France
ORD00359,PRD0148,BUY0119,2026-02-17,1,38.44,2026-02-24,2026-02-23,Delivered,UK
ORD00360,PRD0106,BUY0252,2026-05-31,1,6.05,2026-06-06,2026-06-06,Delivered,Spain
ORD00361,PRD0060,BUY0104,2026-05-08,2,15.24,2026-05-13,2026-05-12,Delivered,UK
ORD00362,PRD0058,BUY0398,2026-06-13,3,61.22,2026-06-18,2026-06-17,Delivered,France
ORD00363,PRD0023,BUY0232,2026-02-17,1,9.35,2026-02-24,2026-02-22,Delivered,UK
ORD00364,PRD0133,BUY0026,2026-01-06,1,11.16,2026-01-09,2026-01-19,Delayed,Germany
ORD00365,PRD0089,BUY0073,2026-06-08,3,82.25,2026-06-14,2026-06-16,Delayed,Italy
ORD00366,PRD0038,BUY0013,2026-06-16,1,5.07,2026-06-23,2026-07-01,Delayed,UK
ORD00367,PRD0109,BUY0064,2026-05-16,3,74.38,2026-05-21,2026-05-20,Delivered,Italy
ORD00368,PRD0142,BUY0195,2026-03-20,1,8.91,2026-03-27,2026-03-26,Delivered,Spain
ORD00369,PRD0140,BUY0159,2026-04-24,3,14.67,2026-04-28,2026-04-30,Delayed,Germany
ORD00370,PRD0112,BUY0007,2026-02-24,1,14.53,2026-02-28,,Cancelled,UK
ORD00371,PRD0063,BUY0227,2026-01-19,3,74.55,2026-01-25,2026-01-26,Delivered,Spain
ORD00372,PRD0033,BUY0179,2026-04-23,1,35.87,2026-04-27,,Cancelled,Spain
ORD00373,PRD0031,BUY0083,2026-04-08,2,18.27,2026-04-13,2026-04-11,Delivered,Spain
ORD00374,PRD0123,BUY0166,2026-04-08,5,29.23,2026-04-13,2026-04-11,Delivered,Germany
ORD00375,PRD0069,BUY0212,2026-02-06,3,44.09,2026-02-12,2026-02-18,Delayed,Italy
ORD00376,PRD0124,BUY0310,2025-10-24,2,12.69,2025-10-31,2025-11-01,Delivered,France
ORD00377,PRD0070,BUY0255,2025-11-23,1,19.12,2025-11-30,2025-12-04,Delayed,UK
ORD00378,PRD0039,BUY0321,2025-12-27,3,151.99,2026-01-01,2025-12-30,Delivered,Italy
ORD00379,PRD0028,BUY0354,2026-05-09,1,12.3,2026-05-16,2026-05-15,Delivered,France
ORD00380,PRD0075,BUY0292,2026-06-29,1,17.28,2026-07-02,2026-07-02,Delivered,France
ORD00381,PRD0024,BUY0247,2026-01-04,3,30.91,2026-01-10,2026-01-08,Delivered,Germany
ORD00382,PRD0068,BUY0348,2026-04-27,1,5.08,2026-04-30,2026-04-30,Delivered,UK
ORD00383,PRD0130,BUY0016,2025-12-21,3,56.91,2025-12-26,2025-12-26,Returned,France
ORD00384,PRD0127,BUY0162,2025-06-21,2,23.48,2025-06-28,2025-07-04,Delayed,Germany
ORD00385,PRD0060,BUY0020,2026-02-09,1,8.01,2026-02-14,2026-02-14,Delivered,UK
ORD00386,PRD0010,BUY0269,2025-05-03,3,33.83,2025-05-07,2025-05-08,Delivered,UK
ORD00387,PRD0054,BUY0366,2025-11-11,3,52.43,2025-11-15,2025-11-13,Delivered,Italy
ORD00388,PRD0110,BUY0382,2025-10-06,2,36.83,2025-10-09,2025-10-11,Delayed,Germany
ORD00389,PRD0041,BUY0140,2025-08-22,1,11.54,2025-08-27,2025-09-05,Delayed,UK
ORD00390,PRD0001,BUY0361,2026-05-26,2,22.04,2026-06-02,2026-06-02,Delivered,UK
ORD00391,PRD0071,BUY0346,2026-03-25,2,12.12,2026-03-31,2026-03-30,Returned,UK
ORD00392,PRD0115,BUY0160,2026-03-23,1,13.33,2026-03-30,2026-03-31,Delivered,Spain
ORD00393,PRD0124,BUY0358,2026-05-30,1,6.33,2026-06-05,2026-06-08,Delayed,France
ORD00394,PRD0041,BUY0201,2026-05-11,1,12.08,2026-05-15,2026-05-15,Delivered,UK
ORD00395,PRD0043,BUY0088,2026-02-15,1,10.64,2026-02-21,2026-02-23,Returned,UK
ORD00396,PRD0081,BUY0273,2025-10-25,1,5.09,2025-10-28,2025-10-26,Delivered,UK
ORD00397,PRD0102,BUY0303,2025-11-05,1,7.47,2025-11-11,2025-11-11,Returned,UK
ORD00398,PRD0045,BUY0238,2025-12-09,1,9.99,2025-12-12,2025-12-13,Delivered,Spain
ORD00399,PRD0032,BUY0331,2026-04-16,4,29.89,2026-04-19,2026-04-20,Delivered,France
ORD00400,PRD0064,BUY0150,2026-05-22,2,25.28,2026-05-25,2026-05-24,Delivered,France
ORD00401,PRD0105,BUY0177,2026-04-26,3,60.14,2026-05-01,2026-05-02,Delivered,UK
ORD00402,PRD0132,BUY0028,2026-05-16,1,29.98,2026-05-21,,Cancelled,UK
ORD00403,PRD0146,BUY0365,2026-02-12,1,11.39,2026-02-15,2026-02-16,Delivered,France
ORD00404,PRD0121,BUY0079,2026-05-31,1,11.86,2026-06-06,2026-06-06,Delivered,France
ORD00405,PRD0045,BUY0213,2025-06-22,1,9.86,2025-06-28,2025-06-27,Delivered,Spain
ORD00406,PRD0142,BUY0116,2026-05-03,2,17.89,2026-05-09,2026-05-18,Delayed,Spain
ORD00407,PRD0103,BUY0291,2026-06-05,1,14.93,2026-06-11,2026-06-11,Delivered,Italy
ORD00408,PRD0109,BUY0313,2026-05-01,1,25.77,2026-05-06,2026-05-09,Delayed,Italy
ORD00409,PRD0022,BUY0274,2025-10-07,2,27.56,2025-10-14,2025-10-16,Delayed,Spain
ORD00410,PRD0033,BUY0019,2026-04-03,2,70.48,2026-04-08,2026-04-08,Delivered,Spain
ORD00411,PRD0041,BUY0320,2025-10-13,1,11.74,2025-10-17,2025-10-23,Delayed,UK
ORD00412,PRD0055,BUY0008,2025-08-23,3,35.67,2025-08-27,2025-08-27,Delivered,France
ORD00413,PRD0026,BUY0271,2026-05-25,2,28.2,2026-05-29,2026-05-28,Delivered,UK
ORD00414,PRD0040,BUY0122,2026-03-02,2,18.41,2026-03-08,2026-03-09,Delivered,Spain
ORD00415,PRD0124,BUY0205,2026-06-21,2,12.23,2026-06-26,2026-06-24,Delivered,France
ORD00416,PRD0037,BUY0007,2026-04-19,1,10.04,2026-04-25,2026-05-05,Delayed,UK
ORD00417,PRD0149,BUY0222,2025-09-05,5,114.14,2025-09-08,2025-09-18,Delayed,France
ORD00418,PRD0119,BUY0302,2026-02-09,1,12.83,2026-02-16,2026-02-15,Delivered,Spain
ORD00419,PRD0063,BUY0269,2025-07-17,1,23.96,2025-07-20,2025-07-18,Delivered,Spain
ORD00420,PRD0101,BUY0327,2026-01-08,1,7.82,2026-01-15,2026-01-20,Delayed,Germany
ORD00421,PRD0023,BUY0357,2026-05-02,1,9.2,2026-05-09,2026-05-08,Delivered,UK
ORD00422,PRD0061,BUY0400,2025-07-26,2,48.85,2025-07-31,2025-07-31,Delivered,Spain
ORD00423,PRD0127,BUY0103,2025-09-15,5,58.24,2025-09-20,2025-09-18,Delivered,Germany
ORD00424,PRD0034,BUY0053,2025-06-17,1,34.41,2025-06-24,2025-06-25,Delivered,Germany
ORD00425,PRD0042,BUY0341,2026-03-15,1,13.81,2026-03-19,2026-03-17,Delivered,UK
ORD00426,PRD0020,BUY0400,2026-03-06,2,68.36,2026-03-12,2026-03-20,Delayed,Germany
ORD00427,PRD0121,BUY0184,2026-06-13,4,49.28,2026-06-19,2026-06-29,Delayed,France
ORD00428,PRD0105,BUY0149,2026-04-17,1,20.33,2026-04-22,2026-04-24,Returned,UK
ORD00429,PRD0093,BUY0324,2025-08-29,2,30.35,2025-09-04,2025-09-04,Delivered,Italy
ORD00430,PRD0008,BUY0256,2025-09-12,2,52.47,2025-09-18,2025-09-28,Delayed,UK
ORD00431,PRD0058,BUY0342,2026-05-17,1,19.88,2026-05-20,2026-05-25,Delayed,France
ORD00432,PRD0090,BUY0242,2026-03-19,1,20.69,2026-03-22,,Cancelled,UK
ORD00433,PRD0051,BUY0050,2026-05-26,2,9.99,2026-05-30,2026-05-30,Delivered,Italy
ORD00434,PRD0134,BUY0378,2025-12-31,1,11.55,2026-01-07,2026-01-12,Delayed,France
ORD00435,PRD0143,BUY0062,2026-05-27,1,12.01,2026-05-31,2026-05-30,Delivered,UK
ORD00436,PRD0113,BUY0314,2026-01-30,2,17.95,2026-02-06,,Cancelled,Germany
ORD00437,PRD0011,BUY0396,2026-06-18,1,8.14,2026-06-21,2026-06-21,Delivered,UK
ORD00438,PRD0052,BUY0368,2025-08-15,1,23.42,2025-08-19,2025-08-17,Delivered,UK
ORD00439,PRD0097,BUY0049,2026-04-28,1,12.61,2026-05-05,2026-05-03,Delivered,France
ORD00440,PRD0007,BUY0351,2026-02-15,1,20.24,2026-02-19,2026-02-24,Delayed,Spain
ORD00441,PRD0113,BUY0316,2025-10-14,2,17.53,2025-10-19,2025-10-20,Delivered,Germany
ORD00442,PRD0011,BUY0370,2026-04-23,4,32.91,2026-04-26,2026-04-29,Delayed,UK
ORD00443,PRD0134,BUY0103,2026-06-13,2,22.72,2026-06-16,2026-06-19,Delayed,France
ORD00444,PRD0090,BUY0070,2026-03-06,1,20.51,2026-03-10,2026-03-11,Delivered,UK
ORD00445,PRD0058,BUY0235,2026-06-02,1,19.96,2026-06-09,,Cancelled,France
ORD00446,PRD0055,BUY0251,2025-11-04,3,36.37,2025-11-11,2025-11-10,Delivered,France
ORD00447,PRD0150,BUY0303,2026-05-09,1,14.84,2026-05-13,2026-05-21,Delayed,UK
ORD00448,PRD0061,BUY0202,2026-01-17,5,115.81,2026-01-23,2026-01-21,Delivered,Spain
ORD00449,PRD0056,BUY0068,2026-05-31,1,12.14,2026-06-03,2026-06-04,Delivered,France
ORD00450,PRD0019,BUY0238,2025-11-09,1,14.25,2025-11-15,2025-11-13,Delivered,UK
ORD00451,PRD0135,BUY0354,2025-12-07,2,65.63,2025-12-10,2025-12-08,Delivered,Germany
ORD00452,PRD0139,BUY0172,2026-01-25,2,14.48,2026-02-01,2026-01-30,Delivered,Italy
ORD00453,PRD0025,BUY0090,2026-01-13,3,43.69,2026-01-18,2026-01-16,Delivered,France
ORD00454,PRD0060,BUY0386,2026-01-23,1,7.77,2026-01-30,2026-02-08,Delayed,UK
ORD00455,PRD0142,BUY0033,2026-06-13,2,17.75,2026-06-18,2026-06-26,Delayed,Spain
ORD00456,PRD0048,BUY0345,2026-04-12,1,17.46,2026-04-19,2026-04-20,Delivered,Germany
ORD00457,PRD0038,BUY0040,2026-02-24,1,5.1,2026-02-27,2026-02-27,Returned,UK
ORD00458,PRD0077,BUY0243,2026-06-14,1,18.0,2026-06-17,2026-06-27,Delayed,UK
ORD00459,PRD0098,BUY0176,2026-06-02,1,9.44,2026-06-06,2026-06-06,Delivered,Spain
ORD00460,PRD0076,BUY0157,2026-05-16,2,17.29,2026-05-22,2026-05-21,Delivered,UK
ORD00461,PRD0069,BUY0083,2025-11-27,2,29.36,2025-12-02,2025-12-01,Delivered,Italy
ORD00462,PRD0094,BUY0295,2026-06-02,2,12.28,2026-06-06,2026-06-09,Delayed,Italy
ORD00463,PRD0032,BUY0084,2026-06-20,2,15.49,2026-06-25,2026-07-04,Delayed,France
ORD00464,PRD0044,BUY0170,2026-06-02,2,70.05,2026-06-07,2026-06-17,Delayed,UK
ORD00465,PRD0143,BUY0021,2026-05-26,2,24.72,2026-06-01,2026-05-30,Delivered,UK
ORD00466,PRD0056,BUY0100,2026-05-28,2,24.48,2026-06-02,2026-06-04,Delayed,France
ORD00467,PRD0057,BUY0202,2026-01-27,1,28.83,2026-02-02,2026-01-31,Delivered,Spain
ORD00468,PRD0035,BUY0191,2025-11-16,4,115.43,2025-11-20,2025-11-21,Delivered,UK
ORD00469,PRD0026,BUY0148,2026-06-13,3,41.58,2026-06-19,2026-06-20,Delivered,UK
ORD00470,PRD0064,BUY0269,2026-03-02,4,48.72,2026-03-09,2026-03-08,Delivered,France
ORD00471,PRD0083,BUY0387,2026-06-19,1,15.19,2026-06-24,2026-06-25,Delivered,Italy
ORD00472,PRD0141,BUY0379,2025-11-16,2,14.78,2025-11-21,2025-11-21,Delivered,France
ORD00473,PRD0129,BUY0252,2025-09-25,1,16.57,2025-10-01,2025-10-07,Delayed,Italy
ORD00474,PRD0010,BUY0290,2026-05-17,1,11.34,2026-05-20,2026-05-20,Delivered,UK
ORD00475,PRD0050,BUY0075,2026-05-01,1,54.52,2026-05-04,2026-05-03,Delivered,Italy
ORD00476,PRD0053,BUY0328,2026-01-21,1,11.47,2026-01-26,,Cancelled,Spain
ORD00477,PRD0139,BUY0351,2026-06-01,2,14.61,2026-06-08,2026-06-08,Delivered,Italy
ORD00478,PRD0030,BUY0191,2026-04-14,1,36.83,2026-04-18,,Cancelled,France
ORD00479,PRD0022,BUY0040,2025-11-20,1,13.47,2025-11-24,2025-11-22,Delivered,Spain
ORD00480,PRD0020,BUY0015,2026-02-23,1,33.87,2026-03-01,2026-03-01,Delivered,Germany
ORD00481,PRD0022,BUY0391,2025-11-09,2,27.18,2025-11-13,2025-11-12,Returned,Spain
ORD00482,PRD0023,BUY0130,2026-06-10,1,8.94,2026-06-13,2026-06-11,Delivered,UK
ORD00483,PRD0057,BUY0015,2025-10-26,3,90.95,2025-10-30,2025-11-04,Delayed,Spain
ORD00484,PRD0070,BUY0271,2025-12-25,1,19.44,2026-01-01,2026-01-04,Delayed,UK
ORD00485,PRD0131,BUY0302,2026-05-30,2,41.6,2026-06-02,2026-06-03,Delivered,Germany
ORD00486,PRD0117,BUY0161,2026-02-10,5,233.08,2026-02-17,2026-02-15,Delivered,UK
ORD00487,PRD0074,BUY0198,2026-05-06,1,13.0,2026-05-09,,Cancelled,Spain
ORD00488,PRD0011,BUY0220,2026-05-26,2,17.12,2026-05-30,2026-06-05,Delayed,UK
ORD00489,PRD0138,BUY0203,2026-03-08,4,144.24,2026-03-11,2026-03-12,Delivered,Spain
ORD00490,PRD0067,BUY0174,2025-11-01,1,20.57,2025-11-04,2025-11-03,Delivered,UK
ORD00491,PRD0007,BUY0330,2025-09-28,3,60.57,2025-10-03,2025-10-03,Delivered,Spain
ORD00492,PRD0054,BUY0255,2026-04-17,5,85.21,2026-04-21,2026-04-19,Delivered,Italy
ORD00493,PRD0026,BUY0168,2026-05-19,3,42.63,2026-05-22,2026-05-23,Delivered,UK
ORD00494,PRD0050,BUY0255,2026-04-25,2,107.67,2026-05-01,2026-04-30,Delivered,Italy
ORD00495,PRD0121,BUY0162,2026-06-23,1,12.42,2026-06-26,2026-06-24,Delivered,France
ORD00496,PRD0017,BUY0069,2025-08-06,2,51.12,2025-08-11,2025-08-10,Delivered,UK
ORD00497,PRD0028,BUY0260,2026-06-17,2,25.12,2026-06-24,2026-07-04,Delayed,France
ORD00498,PRD0020,BUY0066,2026-03-02,2,67.7,2026-03-07,2026-03-09,Delayed,Germany
ORD00499,PRD0010,BUY0211,2025-05-04,2,22.19,2025-05-10,2025-05-17,Delayed,UK
ORD00500,PRD0016,BUY0011,2026-06-17,1,22.16,2026-06-20,2026-06-18,Delivered,Italy
ORD00501,PRD0001,BUY0012,2026-04-05,2,23.12,2026-04-10,,Cancelled,UK
ORD00502,PRD0089,BUY0258,2026-04-19,1,26.82,2026-04-25,2026-04-25,Returned,Italy
ORD00503,PRD0098,BUY0275,2026-06-03,1,9.68,2026-06-09,2026-06-07,Delivered,Spain
ORD00504,PRD0051,BUY0140,2026-06-16,1,5.03,2026-06-19,2026-06-17,Delivered,Italy
ORD00505,PRD0037,BUY0277,2026-04-13,1,9.67,2026-04-18,2026-04-24,Delayed,UK
ORD00506,PRD0068,BUY0110,2026-05-20,1,5.07,2026-05-24,2026-05-23,Delivered,UK
ORD00507,PRD0148,BUY0373,2026-03-30,4,158.55,2026-04-06,2026-04-07,Delivered,UK
ORD00508,PRD0051,BUY0033,2026-05-20,1,5.19,2026-05-25,2026-05-26,Delivered,Italy
ORD00509,PRD0053,BUY0015,2026-02-22,2,22.8,2026-03-01,2026-03-06,Delayed,Spain
ORD00510,PRD0073,BUY0143,2026-04-23,5,24.83,2026-04-26,2026-05-02,Delayed,France
ORD00511,PRD0086,BUY0209,2026-06-07,1,12.25,2026-06-10,2026-06-16,Delayed,Germany
ORD00512,PRD0054,BUY0298,2026-04-13,4,69.04,2026-04-17,2026-04-15,Delivered,Italy
ORD00513,PRD0070,BUY0381,2025-04-05,1,18.6,2025-04-10,2025-04-11,Delivered,UK
ORD00514,PRD0073,BUY0192,2025-10-08,1,4.92,2025-10-14,2025-10-16,Delayed,France
ORD00515,PRD0086,BUY0011,2026-02-01,2,25.92,2026-02-05,2026-02-12,Delayed,Germany
ORD00516,PRD0056,BUY0359,2026-06-19,2,25.56,2026-06-23,2026-06-24,Delivered,France
ORD00517,PRD0047,BUY0388,2026-01-05,3,190.18,2026-01-11,2026-01-11,Delivered,UK
ORD00518,PRD0147,BUY0400,2026-06-29,1,18.0,2026-07-05,2026-07-05,Delivered,France
ORD00519,PRD0049,BUY0181,2025-12-19,2,71.23,2025-12-22,2025-12-22,Delivered,France
ORD00520,PRD0075,BUY0329,2026-06-17,1,16.53,2026-06-20,2026-06-19,Delivered,France
ORD00521,PRD0081,BUY0352,2025-07-17,2,9.75,2025-07-21,2025-07-20,Delivered,UK
ORD00522,PRD0051,BUY0189,2026-06-27,1,5.01,2026-07-04,2026-07-04,Delivered,Italy
ORD00523,PRD0099,BUY0237,2026-01-16,1,6.18,2026-01-23,2026-01-22,Delivered,France
ORD00524,PRD0061,BUY0061,2026-01-09,2,47.93,2026-01-13,2026-01-14,Returned,Spain
ORD00525,PRD0055,BUY0137,2026-03-04,3,36.14,2026-03-08,2026-03-07,Delivered,France
ORD00526,PRD0137,BUY0210,2025-08-11,2,52.02,2025-08-16,2025-08-15,Delivered,Spain
ORD00527,PRD0084,BUY0069,2025-12-21,2,75.89,2025-12-26,2025-12-27,Delivered,UK
ORD00528,PRD0086,BUY0027,2025-09-19,2,25.54,2025-09-26,2025-09-24,Delivered,Germany
ORD00529,PRD0142,BUY0318,2026-05-26,4,36.89,2026-06-02,2026-05-31,Delivered,Spain
ORD00530,PRD0008,BUY0174,2025-11-06,5,130.92,2025-11-13,2025-11-17,Delayed,UK
ORD00531,PRD0008,BUY0383,2026-05-29,1,25.71,2026-06-03,,Cancelled,UK
ORD00532,PRD0090,BUY0162,2026-06-21,3,62.19,2026-06-26,2026-07-04,Delayed,UK
ORD00533,PRD0091,BUY0019,2026-05-10,3,22.86,2026-05-16,2026-05-16,Returned,France
ORD00534,PRD0006,BUY0253,2026-05-29,5,59.13,2026-06-01,2026-06-11,Delayed,Spain
ORD00535,PRD0096,BUY0340,2025-12-03,1,8.9,2025-12-07,2025-12-07,Delivered,Italy
ORD00536,PRD0028,BUY0349,2026-01-09,1,12.1,2026-01-15,2026-01-15,Delivered,France
ORD00537,PRD0017,BUY0138,2025-07-01,3,73.5,2025-07-04,2025-07-05,Delivered,UK
ORD00538,PRD0033,BUY0145,2026-05-20,2,71.0,2026-05-27,2026-05-26,Returned,Spain
ORD00539,PRD0080,BUY0084,2026-02-20,1,22.41,2026-02-24,2026-03-04,Delayed,Spain
ORD00540,PRD0052,BUY0309,2026-02-27,1,23.26,2026-03-05,2026-03-05,Delivered,UK
ORD00541,PRD0012,BUY0189,2026-06-24,1,42.56,2026-06-30,2026-07-01,Delivered,Spain
ORD00542,PRD0024,BUY0270,2025-08-08,1,10.34,2025-08-12,2025-08-11,Delivered,Germany
ORD00543,PRD0121,BUY0154,2026-06-16,1,12.31,2026-06-21,2026-06-25,Delayed,France
ORD00544,PRD0070,BUY0238,2025-02-20,2,39.01,2025-02-27,2025-03-07,Delayed,UK
ORD00545,PRD0037,BUY0202,2026-04-25,2,20.16,2026-04-28,2026-04-30,Returned,UK
ORD00546,PRD0134,BUY0096,2026-02-22,2,22.9,2026-02-28,2026-02-28,Delivered,France
ORD00547,PRD0077,BUY0007,2025-10-14,3,53.69,2025-10-21,,Cancelled,UK
ORD00548,PRD0017,BUY0316,2026-04-27,1,25.26,2026-05-04,2026-05-04,Delivered,UK
ORD00549,PRD0078,BUY0357,2026-01-22,3,43.89,2026-01-26,,Cancelled,Germany
ORD00550,PRD0132,BUY0395,2026-02-28,1,30.02,2026-03-04,2026-03-14,Delayed,UK
ORD00551,PRD0148,BUY0300,2026-03-04,4,160.51,2026-03-10,2026-03-11,Delivered,UK
ORD00552,PRD0103,BUY0306,2025-12-13,1,14.49,2025-12-19,2025-12-20,Delivered,Italy
ORD00553,PRD0085,BUY0271,2026-03-26,1,10.42,2026-04-02,2026-04-03,Delivered,Spain
ORD00554,PRD0025,BUY0224,2025-10-07,4,59.34,2025-10-13,2025-10-20,Delayed,France
ORD00555,PRD0133,BUY0367,2026-02-01,1,11.24,2026-02-08,2026-02-08,Delivered,Germany
ORD00556,PRD0119,BUY0145,2026-06-02,1,13.08,2026-06-07,2026-06-06,Delivered,Spain
ORD00557,PRD0057,BUY0108,2025-12-04,1,29.76,2025-12-07,2025-12-08,Delivered,Spain
ORD00558,PRD0106,BUY0059,2026-04-05,1,5.81,2026-04-12,,Cancelled,Spain
ORD00559,PRD0097,BUY0354,2025-07-16,1,13.05,2025-07-21,2025-07-21,Delivered,France
ORD00560,PRD0102,BUY0313,2025-07-29,4,28.93,2025-08-04,2025-08-02,Delivered,UK
ORD00561,PRD0094,BUY0363,2026-03-19,1,5.94,2026-03-22,2026-03-22,Delivered,Italy
ORD00562,PRD0065,BUY0213,2025-06-26,1,45.85,2025-06-30,2025-07-05,Delayed,UK
ORD00563,PRD0023,BUY0341,2026-03-30,1,9.11,2026-04-02,2026-04-03,Delivered,UK
ORD00564,PRD0031,BUY0265,2026-05-09,1,9.24,2026-05-15,2026-05-16,Delivered,Spain
ORD00565,PRD0120,BUY0206,2025-12-13,3,37.75,2025-12-20,2025-12-18,Delivered,Italy
ORD00566,PRD0057,BUY0366,2025-09-25,2,59.64,2025-10-02,,Cancelled,Spain
ORD00567,PRD0060,BUY0005,2026-03-11,1,8.03,2026-03-18,2026-03-18,Delivered,UK
ORD00568,PRD0006,BUY0333,2026-05-31,2,22.99,2026-06-04,2026-06-05,Delivered,Spain
ORD00569,PRD0082,BUY0267,2025-02-08,1,5.63,2025-02-12,2025-02-12,Delivered,UK
ORD00570,PRD0034,BUY0191,2025-10-12,1,35.12,2025-10-18,2025-10-16,Delivered,Germany
ORD00571,PRD0047,BUY0298,2025-11-08,1,64.1,2025-11-11,2025-11-10,Delivered,UK
ORD00572,PRD0142,BUY0267,2026-05-17,3,26.48,2026-05-22,2026-05-26,Delayed,Spain
ORD00573,PRD0102,BUY0042,2025-10-10,3,21.6,2025-10-13,2025-10-21,Delayed,UK
ORD00574,PRD0016,BUY0300,2025-11-07,1,22.55,2025-11-14,2025-11-15,Delivered,Italy
ORD00575,PRD0077,BUY0235,2026-06-07,2,36.48,2026-06-11,2026-06-15,Delayed,UK
ORD00576,PRD0049,BUY0061,2025-05-13,2,69.47,2025-05-16,2025-05-16,Delivered,France
ORD00577,PRD0079,BUY0249,2026-04-23,1,40.26,2026-04-28,2026-05-05,Delayed,Italy
ORD00578,PRD0099,BUY0179,2026-04-27,1,6.51,2026-05-02,2026-05-11,Delayed,France
ORD00579,PRD0098,BUY0259,2026-06-03,2,19.91,2026-06-09,2026-06-13,Delayed,Spain
ORD00580,PRD0058,BUY0203,2026-05-25,3,60.62,2026-06-01,2026-06-02,Delivered,France
ORD00581,PRD0088,BUY0064,2026-01-10,2,22.11,2026-01-14,2026-01-14,Delivered,UK
ORD00582,PRD0108,BUY0010,2026-05-14,2,16.97,2026-05-21,2026-05-30,Delayed,Italy
ORD00583,PRD0150,BUY0206,2026-03-13,1,14.38,2026-03-20,2026-03-30,Delayed,UK
ORD00584,PRD0134,BUY0278,2026-03-01,1,11.42,2026-03-08,2026-03-14,Delayed,France
ORD00585,PRD0042,BUY0153,2025-03-28,1,13.86,2025-04-01,2025-04-02,Returned,UK
ORD00586,PRD0085,BUY0301,2026-02-15,1,10.63,2026-02-18,2026-02-18,Returned,Spain
ORD00587,PRD0137,BUY0120,2025-06-25,1,24.98,2025-07-02,2025-07-03,Delivered,Spain
ORD00588,PRD0102,BUY0209,2026-04-30,2,14.3,2026-05-07,2026-05-06,Delivered,UK
ORD00589,PRD0071,BUY0285,2025-12-28,1,6.3,2026-01-01,2026-01-02,Delivered,UK
ORD00590,PRD0060,BUY0129,2026-03-08,2,15.39,2026-03-11,2026-03-12,Delivered,UK
ORD00591,PRD0124,BUY0154,2025-12-16,2,12.35,2025-12-19,2025-12-29,Delayed,France
ORD00592,PRD0054,BUY0176,2026-02-12,3,50.2,2026-02-19,2026-02-19,Delivered,Italy
ORD00593,PRD0033,BUY0069,2026-02-11,1,36.63,2026-02-16,2026-02-23,Delayed,Spain
ORD00594,PRD0107,BUY0276,2026-06-17,1,12.3,2026-06-24,2026-06-25,Delivered,Italy
ORD00595,PRD0069,BUY0193,2026-04-04,1,15.39,2026-04-10,2026-04-10,Delivered,Italy
ORD00596,PRD0072,BUY0389,2025-07-26,1,6.93,2025-07-30,2025-07-29,Delivered,Spain
ORD00597,PRD0023,BUY0019,2025-12-22,3,27.54,2025-12-26,2025-12-27,Delivered,UK
ORD00598,PRD0131,BUY0253,2025-06-10,1,22.06,2025-06-16,2025-06-17,Returned,Germany
ORD00599,PRD0084,BUY0268,2026-04-12,2,74.37,2026-04-15,2026-04-13,Delivered,UK
ORD00600,PRD0024,BUY0329,2025-07-30,5,50.83,2025-08-06,2025-08-07,Delivered,Germany
ORD00601,PRD0042,BUY0186,2025-07-26,1,13.89,2025-07-31,2025-08-10,Delayed,UK
ORD00602,PRD0139,BUY0293,2025-11-29,1,7.16,2025-12-05,2025-12-06,Delivered,Italy
ORD00603,PRD0057,BUY0050,2026-04-11,4,121.24,2026-04-15,2026-04-21,Delayed,Spain
ORD00604,PRD0019,BUY0028,2026-05-28,2,28.55,2026-06-02,2026-06-11,Delayed,UK
ORD00605,PRD0057,BUY0018,2025-10-14,3,89.35,2025-10-17,2025-10-15,Delivered,Spain
ORD00606,PRD0146,BUY0029,2026-06-01,1,11.83,2026-06-07,2026-06-09,Returned,France
ORD00607,PRD0011,BUY0238,2026-04-29,2,16.69,2026-05-06,2026-05-04,Delivered,UK
ORD00608,PRD0142,BUY0056,2026-04-22,2,18.13,2026-04-25,2026-05-02,Delayed,Spain
ORD00609,PRD0054,BUY0318,2025-12-30,4,66.59,2026-01-06,2026-01-07,Delivered,Italy
ORD00610,PRD0075,BUY0278,2026-05-31,1,17.1,2026-06-07,2026-06-07,Delivered,France
ORD00611,PRD0055,BUY0287,2026-01-06,1,12.39,2026-01-13,2026-01-12,Delivered,France
ORD00612,PRD0040,BUY0240,2026-03-16,2,17.74,2026-03-19,2026-03-20,Delivered,Spain
ORD00613,PRD0075,BUY0002,2026-06-18,2,33.85,2026-06-22,2026-06-21,Returned,France
ORD00614,PRD0067,BUY0004,2025-12-07,1,20.62,2025-12-12,2025-12-13,Delivered,UK
ORD00615,PRD0133,BUY0102,2025-12-04,1,11.19,2025-12-11,2025-12-11,Delivered,Germany
ORD00616,PRD0065,BUY0052,2026-05-10,1,47.19,2026-05-14,2026-05-12,Delivered,UK
ORD00617,PRD0054,BUY0270,2025-11-17,1,16.73,2025-11-23,2025-11-23,Delivered,Italy
ORD00618,PRD0068,BUY0356,2026-06-15,1,4.88,2026-06-19,2026-06-18,Delivered,UK
ORD00619,PRD0076,BUY0168,2026-01-28,4,34.41,2026-02-04,2026-02-04,Delivered,UK
ORD00620,PRD0062,BUY0340,2025-07-12,3,53.61,2025-07-18,2025-07-16,Delivered,France
ORD00621,PRD0130,BUY0248,2026-06-21,1,18.56,2026-06-25,2026-06-25,Delivered,France
ORD00622,PRD0123,BUY0121,2026-06-04,2,11.72,2026-06-07,2026-06-12,Delayed,Germany
ORD00623,PRD0118,BUY0152,2026-06-11,1,32.24,2026-06-16,2026-06-15,Delivered,UK
ORD00624,PRD0037,BUY0255,2026-06-18,1,9.82,2026-06-24,2026-07-02,Delayed,UK
ORD00625,PRD0094,BUY0117,2025-10-02,1,5.93,2025-10-05,2025-10-03,Delivered,Italy
ORD00626,PRD0050,BUY0386,2026-05-11,1,54.33,2026-05-16,2026-05-16,Delivered,Italy
ORD00627,PRD0105,BUY0263,2026-05-19,1,20.68,2026-05-25,2026-05-23,Delivered,UK
ORD00628,PRD0107,BUY0237,2025-12-27,1,12.74,2026-01-02,2026-01-03,Delivered,Italy
ORD00629,PRD0067,BUY0296,2026-03-27,3,61.71,2026-03-31,2026-03-29,Delivered,UK
ORD00630,PRD0133,BUY0207,2026-03-12,3,34.37,2026-03-17,2026-03-25,Delayed,Germany
ORD00631,PRD0025,BUY0309,2025-01-29,2,28.98,2025-02-02,2025-02-09,Delayed,France
ORD00632,PRD0015,BUY0232,2025-11-10,1,18.71,2025-11-17,2025-11-18,Delivered,France
ORD00633,PRD0068,BUY0146,2026-06-10,2,9.7,2026-06-17,2026-06-16,Delivered,UK
ORD00634,PRD0073,BUY0057,2026-02-28,1,5.0,2026-03-04,2026-03-12,Delayed,France
ORD00635,PRD0070,BUY0364,2026-02-05,4,77.79,2026-02-09,2026-02-09,Delivered,UK
ORD00636,PRD0038,BUY0229,2026-04-28,2,9.98,2026-05-04,2026-05-02,Delivered,UK
ORD00637,PRD0029,BUY0148,2026-06-28,1,11.06,2026-07-04,2026-07-02,Delivered,Spain
ORD00638,PRD0005,BUY0376,2026-03-31,1,18.28,2026-04-04,2026-04-03,Delivered,Germany
ORD00639,PRD0085,BUY0322,2026-06-21,1,10.48,2026-06-24,2026-06-23,Delivered,Spain
ORD00640,PRD0060,BUY0259,2026-01-30,4,31.23,2026-02-06,2026-02-13,Delayed,UK
ORD00641,PRD0020,BUY0384,2026-01-29,1,33.22,2026-02-01,,Cancelled,Germany
ORD00642,PRD0053,BUY0384,2026-03-23,3,34.49,2026-03-26,2026-03-30,Delayed,Spain
ORD00643,PRD0125,BUY0088,2026-06-20,1,14.63,2026-06-24,2026-06-24,Delivered,Italy
ORD00644,PRD0041,BUY0079,2025-05-27,1,11.68,2025-05-30,2025-05-28,Delivered,UK
ORD00645,PRD0052,BUY0158,2026-06-30,2,46.28,2026-07-03,2026-07-01,Delivered,UK
ORD00646,PRD0042,BUY0015,2025-08-23,2,27.67,2025-08-28,2025-08-27,Delivered,UK
ORD00647,PRD0006,BUY0056,2026-05-26,1,11.79,2026-05-30,2026-05-28,Delivered,Spain
ORD00648,PRD0050,BUY0089,2026-05-12,4,213.73,2026-05-18,2026-05-23,Delayed,Italy
ORD00649,PRD0042,BUY0211,2025-05-30,1,13.14,2025-06-04,2025-06-04,Delivered,UK
ORD00650,PRD0040,BUY0324,2026-02-19,2,18.38,2026-02-26,2026-02-24,Delivered,Spain
ORD00651,PRD0103,BUY0312,2026-05-17,1,14.64,2026-05-22,2026-05-23,Delivered,Italy
ORD00652,PRD0106,BUY0378,2026-03-29,1,6.0,2026-04-01,2026-03-30,Delivered,Spain
ORD00653,PRD0086,BUY0307,2025-08-12,1,12.46,2025-08-16,2025-08-14,Delivered,Germany
ORD00654,PRD0045,BUY0148,2025-08-24,1,10.24,2025-08-27,2025-09-04,Delayed,Spain
ORD00655,PRD0118,BUY0196,2026-04-13,1,31.66,2026-04-17,2026-04-16,Delivered,UK
ORD00656,PRD0018,BUY0065,2025-11-15,3,14.58,2025-11-19,2025-11-19,Returned,Italy
ORD00657,PRD0054,BUY0311,2026-01-04,1,16.6,2026-01-10,2026-01-09,Delivered,Italy
ORD00658,PRD0109,BUY0086,2026-05-16,1,25.85,2026-05-19,2026-05-19,Delivered,Italy
ORD00659,PRD0135,BUY0043,2026-01-08,2,66.08,2026-01-14,,Cancelled,Germany
ORD00660,PRD0067,BUY0146,2026-06-20,1,20.39,2026-06-24,2026-06-25,Delivered,UK
ORD00661,PRD0124,BUY0374,2025-11-07,2,12.11,2025-11-11,,Cancelled,France
ORD00662,PRD0116,BUY0302,2026-05-28,4,38.91,2026-06-02,2026-06-02,Delivered,Italy
ORD00663,PRD0132,BUY0385,2026-02-06,1,30.79,2026-02-10,2026-02-10,Delivered,UK
ORD00664,PRD0100,BUY0186,2026-03-31,1,18.84,2026-04-06,2026-04-05,Delivered,Italy
ORD00665,PRD0042,BUY0330,2026-01-07,1,13.58,2026-01-11,2026-01-10,Delivered,UK
ORD00666,PRD0003,BUY0155,2025-06-24,1,16.42,2025-06-30,2025-07-08,Delayed,UK
ORD00667,PRD0095,BUY0138,2026-02-07,1,4.96,2026-02-10,2026-02-17,Delayed,Italy
ORD00668,PRD0110,BUY0214,2026-02-18,1,17.95,2026-02-24,,Cancelled,Germany
ORD00669,PRD0029,BUY0057,2026-06-16,1,10.93,2026-06-20,2026-06-19,Delivered,Spain
ORD00670,PRD0094,BUY0320,2025-07-05,2,12.39,2025-07-09,2025-07-10,Delivered,Italy
ORD00671,PRD0111,BUY0345,2025-05-23,1,14.41,2025-05-28,,Cancelled,France
ORD00672,PRD0056,BUY0004,2026-05-20,2,24.16,2026-05-27,2026-05-25,Delivered,France
ORD00673,PRD0053,BUY0176,2026-02-17,4,46.21,2026-02-22,2026-02-22,Delivered,Spain
ORD00674,PRD0083,BUY0372,2026-06-20,1,14.86,2026-06-25,2026-06-23,Delivered,Italy
ORD00675,PRD0127,BUY0339,2025-05-30,3,34.99,2025-06-03,2025-06-04,Delivered,Germany
ORD00676,PRD0028,BUY0120,2026-03-22,1,12.32,2026-03-25,2026-03-25,Delivered,France
ORD00677,PRD0105,BUY0151,2025-11-23,1,20.82,2025-11-29,2025-11-27,Delivered,UK
ORD00678,PRD0040,BUY0345,2026-06-19,3,27.44,2026-06-22,2026-06-25,Delayed,Spain
ORD00679,PRD0129,BUY0055,2025-12-28,4,65.65,2026-01-04,2026-01-03,Delivered,Italy
ORD00680,PRD0122,BUY0344,2026-04-16,4,25.56,2026-04-20,2026-04-21,Delivered,UK
ORD00681,PRD0059,BUY0194,2026-05-10,1,18.91,2026-05-15,2026-05-13,Delivered,France
ORD00682,PRD0144,BUY0149,2026-03-28,2,42.94,2026-04-03,2026-04-02,Delivered,France
ORD00683,PRD0139,BUY0296,2026-01-04,2,14.05,2026-01-09,2026-01-16,Delayed,Italy
ORD00684,PRD0112,BUY0309,2026-02-26,3,45.86,2026-03-03,2026-03-02,Delivered,UK
ORD00685,PRD0080,BUY0076,2026-06-28,1,22.07,2026-07-03,2026-07-04,Delivered,Spain
ORD00686,PRD0086,BUY0362,2026-05-28,1,12.47,2026-06-04,2026-06-02,Delivered,Germany
ORD00687,PRD0082,BUY0116,2025-10-27,2,11.26,2025-11-01,2025-11-06,Delayed,UK
ORD00688,PRD0141,BUY0281,2025-09-20,3,23.11,2025-09-25,2025-09-24,Delivered,France
ORD00689,PRD0025,BUY0100,2025-12-28,2,29.63,2026-01-04,2026-01-04,Delivered,France
ORD00690,PRD0061,BUY0084,2025-11-30,2,47.87,2025-12-03,2025-12-03,Delivered,Spain
ORD00691,PRD0112,BUY0295,2026-02-15,1,15.13,2026-02-19,2026-02-17,Delivered,UK
ORD00692,PRD0018,BUY0243,2026-02-03,4,19.87,2026-02-07,2026-02-05,Delivered,Italy
ORD00693,PRD0002,BUY0124,2026-01-20,1,13.17,2026-01-24,2026-01-25,Delivered,Spain
ORD00694,PRD0051,BUY0335,2026-05-22,2,10.14,2026-05-25,2026-05-26,Delivered,Italy
ORD00695,PRD0048,BUY0382,2025-04-15,1,17.41,2025-04-22,2025-04-23,Delivered,Germany
ORD00696,PRD0127,BUY0276,2026-02-22,2,23.35,2026-02-26,2026-03-01,Delayed,Germany
ORD00697,PRD0043,BUY0276,2026-06-13,3,33.41,2026-06-20,2026-06-30,Delayed,UK
ORD00698,PRD0048,BUY0161,2026-03-04,1,17.4,2026-03-07,2026-03-06,Delivered,Germany
ORD00699,PRD0094,BUY0187,2025-08-26,1,5.99,2025-08-29,2025-08-28,Returned,Italy
ORD00700,PRD0005,BUY0228,2026-01-14,1,17.44,2026-01-21,2026-01-21,Delivered,Germany
ORD00701,PRD0043,BUY0073,2026-03-01,2,21.91,2026-03-04,2026-03-02,Delivered,UK
ORD00702,PRD0123,BUY0196,2026-04-18,2,11.37,2026-04-25,2026-05-05,Delayed,Germany
ORD00703,PRD0045,BUY0138,2025-10-25,2,20.84,2025-10-29,2025-11-01,Delayed,Spain
ORD00704,PRD0003,BUY0162,2025-11-20,2,33.76,2025-11-27,2025-11-28,Delivered,UK
ORD00705,PRD0062,BUY0169,2026-03-14,1,17.14,2026-03-21,2026-03-31,Delayed,France
ORD00706,PRD0013,BUY0114,2026-02-13,1,9.44,2026-02-18,,Cancelled,Spain
ORD00707,PRD0048,BUY0359,2026-05-31,1,17.27,2026-06-05,2026-06-06,Delivered,Germany
ORD00708,PRD0150,BUY0207,2026-03-23,4,57.4,2026-03-29,2026-04-08,Delayed,UK
ORD00709,PRD0094,BUY0363,2026-02-22,2,12.27,2026-02-26,2026-02-26,Delivered,Italy
ORD00710,PRD0147,BUY0267,2026-03-04,1,18.73,2026-03-10,2026-03-10,Delivered,France
ORD00711,PRD0073,BUY0325,2025-12-14,2,9.73,2025-12-19,2025-12-26,Delayed,France
ORD00712,PRD0005,BUY0006,2026-02-25,2,34.97,2026-03-02,2026-03-03,Delivered,Germany
ORD00713,PRD0040,BUY0382,2026-02-27,1,9.04,2026-03-06,2026-03-07,Delivered,Spain
ORD00714,PRD0090,BUY0087,2026-01-29,1,20.89,2026-02-05,2026-02-03,Delivered,UK
ORD00715,PRD0106,BUY0195,2026-03-27,1,5.88,2026-03-31,2026-03-29,Delivered,Spain
ORD00716,PRD0107,BUY0110,2026-04-21,1,12.58,2026-04-24,2026-04-25,Delivered,Italy
ORD00717,PRD0052,BUY0317,2025-09-02,4,96.75,2025-09-09,2025-09-07,Delivered,UK
ORD00718,PRD0064,BUY0005,2025-10-15,1,12.34,2025-10-18,2025-10-17,Delivered,France
ORD00719,PRD0037,BUY0129,2026-06-30,4,39.47,2026-07-06,,Cancelled,UK
ORD00720,PRD0142,BUY0337,2026-04-17,1,9.18,2026-04-24,2026-04-22,Delivered,Spain
ORD00721,PRD0150,BUY0216,2026-05-05,1,14.98,2026-05-09,2026-05-10,Returned,UK
ORD00722,PRD0032,BUY0350,2026-03-19,4,31.53,2026-03-24,2026-03-26,Returned,France
ORD00723,PRD0035,BUY0065,2026-06-15,1,29.49,2026-06-21,2026-06-24,Delayed,UK
ORD00724,PRD0060,BUY0149,2026-02-09,1,8.01,2026-02-15,2026-02-13,Delivered,UK
ORD00725,PRD0037,BUY0127,2026-03-30,2,19.47,2026-04-04,2026-04-04,Delivered,UK
ORD00726,PRD0068,BUY0303,2026-06-24,3,15.15,2026-07-01,2026-06-30,Delivered,UK
ORD00727,PRD0135,BUY0195,2025-12-23,1,33.37,2025-12-27,2025-12-26,Delivered,Germany
ORD00728,PRD0141,BUY0138,2025-10-17,1,7.57,2025-10-20,2025-10-18,Delivered,France
ORD00729,PRD0150,BUY0165,2026-04-11,1,14.24,2026-04-14,,Cancelled,UK
ORD00730,PRD0026,BUY0350,2026-06-23,1,13.94,2026-06-29,2026-06-29,Delivered,UK
ORD00731,PRD0067,BUY0045,2026-02-21,2,40.88,2026-02-28,2026-02-28,Delivered,UK
ORD00732,PRD0146,BUY0039,2025-12-13,1,11.86,2025-12-17,2025-12-18,Delivered,France
ORD00733,PRD0037,BUY0389,2026-06-20,5,48.71,2026-06-24,,Cancelled,UK
ORD00734,PRD0088,BUY0269,2025-11-22,4,43.7,2025-11-25,2025-11-23,Delivered,UK
ORD00735,PRD0069,BUY0356,2026-05-05,1,15.51,2026-05-10,,Cancelled,Italy
ORD00736,PRD0149,BUY0400,2025-12-06,2,46.16,2025-12-09,2025-12-19,Delayed,France
ORD00737,PRD0005,BUY0369,2026-01-14,1,17.63,2026-01-17,2026-01-18,Delivered,Germany
ORD00738,PRD0026,BUY0328,2026-06-30,1,13.89,2026-07-04,,Cancelled,UK
ORD00739,PRD0084,BUY0108,2026-06-16,1,37.87,2026-06-19,2026-06-18,Delivered,UK
ORD00740,PRD0037,BUY0314,2026-05-24,1,10.19,2026-05-31,2026-06-04,Delayed,UK
ORD00741,PRD0011,BUY0399,2026-04-18,3,24.75,2026-04-23,2026-04-25,Delayed,UK
ORD00742,PRD0058,BUY0105,2026-06-29,1,20.61,2026-07-06,2026-07-15,Delayed,France
ORD00743,PRD0098,BUY0236,2026-05-24,1,9.85,2026-05-30,2026-06-08,Delayed,Spain
ORD00744,PRD0023,BUY0202,2026-04-03,4,35.74,2026-04-08,,Cancelled,UK
ORD00745,PRD0104,BUY0309,2026-05-10,1,7.02,2026-05-16,2026-05-26,Delayed,UK
ORD00746,PRD0076,BUY0322,2025-11-30,2,17.09,2025-12-03,2025-12-06,Delayed,UK
ORD00747,PRD0040,BUY0228,2026-02-20,1,9.2,2026-02-23,2026-02-24,Delivered,Spain
ORD00748,PRD0109,BUY0053,2026-05-22,1,25.71,2026-05-29,2026-05-28,Returned,Italy
ORD00749,PRD0040,BUY0197,2026-03-22,1,8.99,2026-03-26,2026-03-26,Delivered,Spain
ORD00750,PRD0048,BUY0316,2025-10-21,1,16.84,2025-10-24,2025-10-24,Delivered,Germany
ORD00751,PRD0079,BUY0348,2026-03-01,4,165.51,2026-03-05,2026-03-12,Delayed,Italy
ORD00752,PRD0090,BUY0136,2026-04-10,3,61.21,2026-04-13,2026-04-22,Delayed,UK
ORD00753,PRD0104,BUY0245,2026-04-22,3,22.0,2026-04-26,2026-04-27,Delivered,UK
ORD00754,PRD0053,BUY0254,2026-06-15,1,11.29,2026-06-19,2026-06-27,Delayed,Spain
ORD00755,PRD0124,BUY0274,2026-02-16,1,6.33,2026-02-20,2026-03-02,Delayed,France
ORD00756,PRD0053,BUY0121,2026-01-01,2,23.03,2026-01-08,2026-01-07,Delivered,Spain
ORD00757,PRD0002,BUY0399,2025-08-26,2,27.17,2025-08-29,2025-08-30,Returned,Spain
ORD00758,PRD0087,BUY0061,2026-06-05,5,81.06,2026-06-09,2026-06-14,Delayed,France
ORD00759,PRD0133,BUY0305,2025-11-11,2,22.36,2025-11-14,2025-11-12,Delivered,Germany
ORD00760,PRD0018,BUY0072,2025-11-19,1,4.84,2025-11-25,2025-11-29,Delayed,Italy
ORD00761,PRD0038,BUY0310,2026-05-24,2,9.95,2026-05-27,2026-05-26,Delivered,UK
ORD00762,PRD0089,BUY0257,2026-06-15,1,28.22,2026-06-21,2026-06-27,Delayed,Italy
ORD00763,PRD0136,BUY0113,2026-04-05,5,48.11,2026-04-09,2026-04-10,Delivered,Germany
ORD00764,PRD0116,BUY0085,2026-03-02,3,28.33,2026-03-07,2026-03-08,Delivered,Italy
ORD00765,PRD0105,BUY0084,2026-01-11,1,19.78,2026-01-18,2026-01-18,Delivered,UK
ORD00766,PRD0045,BUY0290,2025-11-22,1,9.97,2025-11-25,2025-11-28,Delayed,Spain
ORD00767,PRD0135,BUY0257,2025-06-25,1,33.28,2025-06-28,2025-06-28,Delivered,Germany
ORD00768,PRD0029,BUY0397,2026-05-08,2,21.49,2026-05-14,2026-05-12,Delivered,Spain
ORD00769,PRD0096,BUY0368,2026-04-04,3,25.4,2026-04-08,2026-04-17,Delayed,Italy
ORD00770,PRD0135,BUY0068,2025-08-12,2,63.52,2025-08-19,2025-08-19,Delivered,Germany
ORD00771,PRD0070,BUY0291,2026-03-20,1,19.27,2026-03-26,2026-03-29,Delayed,UK
ORD00772,PRD0138,BUY0152,2025-12-13,2,71.87,2025-12-16,2025-12-25,Delayed,Spain
ORD00773,PRD0056,BUY0391,2026-05-08,1,12.61,2026-05-14,2026-05-15,Delivered,France
ORD00774,PRD0120,BUY0318,2025-12-07,5,62.06,2025-12-12,2025-12-13,Delivered,Italy
ORD00775,PRD0045,BUY0350,2026-05-02,4,40.29,2026-05-08,2026-05-14,Delayed,Spain
ORD00776,PRD0019,BUY0082,2026-05-26,1,14.7,2026-05-29,2026-06-01,Delayed,UK
ORD00777,PRD0128,BUY0375,2026-04-20,2,81.1,2026-04-26,2026-04-27,Delivered,UK
ORD00778,PRD0017,BUY0059,2025-12-15,1,24.76,2025-12-20,2025-12-29,Delayed,UK
ORD00779,PRD0005,BUY0195,2026-05-14,1,17.62,2026-05-21,,Cancelled,Germany
ORD00780,PRD0025,BUY0326,2026-03-22,5,73.27,2026-03-26,2026-03-27,Delivered,France
ORD00781,PRD0012,BUY0048,2026-03-05,1,43.24,2026-03-11,2026-03-11,Delivered,Spain
ORD00782,PRD0064,BUY0224,2025-07-24,1,12.34,2025-07-30,2025-07-29,Delivered,France
ORD00783,PRD0029,BUY0376,2026-04-23,2,22.54,2026-04-27,2026-04-27,Returned,Spain
ORD00784,PRD0147,BUY0346,2025-12-15,4,74.69,2025-12-21,2025-12-19,Delivered,France
ORD00785,PRD0049,BUY0097,2026-04-19,4,142.31,2026-04-25,2026-04-23,Delivered,France
ORD00786,PRD0032,BUY0187,2026-05-04,1,7.54,2026-05-08,2026-05-06,Delivered,France
ORD00787,PRD0106,BUY0278,2026-03-01,2,11.97,2026-03-07,2026-03-07,Delivered,Spain
ORD00788,PRD0146,BUY0338,2025-12-28,1,11.45,2026-01-04,2026-01-05,Delivered,France
ORD00789,PRD0128,BUY0211,2025-10-16,5,208.36,2025-10-19,2025-10-18,Returned,UK
ORD00790,PRD0137,BUY0109,2026-01-31,1,25.18,2026-02-07,2026-02-07,Delivered,Spain
ORD00791,PRD0144,BUY0331,2025-08-06,3,65.9,2025-08-11,2025-08-12,Delivered,France
ORD00792,PRD0018,BUY0213,2026-02-02,3,14.98,2026-02-07,2026-02-07,Delivered,Italy
ORD00793,PRD0107,BUY0293,2025-11-07,1,12.29,2025-11-12,2025-11-12,Delivered,Italy
ORD00794,PRD0110,BUY0200,2025-12-21,2,36.39,2025-12-24,2025-12-25,Delivered,Germany
ORD00795,PRD0149,BUY0322,2025-12-17,1,22.22,2025-12-21,2025-12-22,Delivered,France
ORD00796,PRD0004,BUY0079,2025-09-26,1,8.92,2025-10-02,,Cancelled,Spain
ORD00797,PRD0031,BUY0325,2026-06-12,5,45.6,2026-06-15,2026-06-14,Delivered,Spain
ORD00798,PRD0028,BUY0338,2026-01-30,1,12.45,2026-02-03,2026-02-04,Delivered,France
ORD00799,PRD0122,BUY0135,2026-03-08,2,12.64,2026-03-11,2026-03-14,Delayed,UK
ORD00800,PRD0132,BUY0250,2026-04-08,4,120.53,2026-04-11,2026-04-13,Delayed,UK
ORD00801,PRD0060,BUY0092,2026-04-21,3,23.74,2026-04-27,2026-04-26,Delivered,UK
ORD00802,PRD0108,BUY0063,2026-03-21,5,44.89,2026-03-27,2026-03-25,Delivered,Italy
ORD00803,PRD0063,BUY0113,2026-01-03,2,48.54,2026-01-08,2026-01-13,Delayed,Spain
ORD00804,PRD0002,BUY0254,2025-07-12,1,13.58,2025-07-17,2025-07-17,Delivered,Spain
ORD00805,PRD0126,BUY0393,2025-10-21,1,38.39,2025-10-26,2025-10-24,Delivered,France
ORD00806,PRD0123,BUY0311,2026-06-26,1,5.74,2026-07-03,2026-07-03,Delivered,Germany
ORD00807,PRD0073,BUY0151,2026-05-30,3,14.92,2026-06-02,2026-06-02,Delivered,France
ORD00808,PRD0003,BUY0184,2026-02-09,1,16.26,2026-02-13,2026-02-14,Delivered,UK
ORD00809,PRD0030,BUY0165,2025-12-24,3,107.46,2025-12-29,2025-12-29,Delivered,France
ORD00810,PRD0067,BUY0331,2026-06-24,1,19.99,2026-07-01,2026-06-29,Delivered,UK
ORD00811,PRD0113,BUY0064,2026-01-04,1,8.77,2026-01-10,2026-01-10,Delivered,Germany
ORD00812,PRD0069,BUY0207,2025-11-01,2,29.79,2025-11-08,2025-11-09,Delivered,Italy
ORD00813,PRD0149,BUY0141,2025-09-16,2,43.99,2025-09-19,2025-09-20,Delivered,France
ORD00814,PRD0069,BUY0329,2025-12-10,1,14.68,2025-12-15,2025-12-16,Delivered,Italy
ORD00815,PRD0142,BUY0371,2026-05-28,1,8.82,2026-05-31,2026-06-01,Returned,Spain
ORD00816,PRD0113,BUY0023,2026-01-29,3,27.09,2026-02-01,2026-01-30,Delivered,Germany
ORD00817,PRD0114,BUY0299,2025-12-03,2,14.86,2025-12-09,2025-12-08,Delivered,Italy
ORD00818,PRD0122,BUY0124,2026-06-10,2,12.84,2026-06-16,2026-06-14,Delivered,UK
ORD00819,PRD0039,BUY0181,2026-02-01,3,154.31,2026-02-04,2026-02-10,Delayed,Italy
ORD00820,PRD0053,BUY0111,2026-06-17,3,35.12,2026-06-20,2026-06-18,Delivered,Spain
ORD00821,PRD0146,BUY0160,2026-02-08,1,11.6,2026-02-15,2026-02-15,Delivered,France
ORD00822,PRD0034,BUY0263,2025-05-09,4,135.87,2025-05-14,2025-05-15,Delivered,Germany
ORD00823,PRD0076,BUY0055,2026-03-15,1,8.37,2026-03-22,2026-03-21,Delivered,UK
ORD00824,PRD0061,BUY0044,2025-09-21,1,23.79,2025-09-28,2025-09-28,Delivered,Spain
ORD00825,PRD0038,BUY0375,2026-05-29,1,4.86,2026-06-03,2026-06-01,Delivered,UK
ORD00826,PRD0019,BUY0331,2025-12-20,2,28.89,2025-12-26,2025-12-29,Delayed,UK
ORD00827,PRD0081,BUY0201,2026-05-11,1,4.92,2026-05-14,2026-05-14,Delivered,UK
ORD00828,PRD0094,BUY0148,2026-05-25,1,5.97,2026-05-29,2026-05-29,Delivered,Italy
ORD00829,PRD0091,BUY0234,2026-06-16,2,15.32,2026-06-20,2026-06-18,Delivered,France
ORD00830,PRD0071,BUY0243,2026-04-06,1,6.29,2026-04-09,2026-04-07,Delivered,UK
ORD00831,PRD0081,BUY0397,2025-04-04,1,4.85,2025-04-09,2025-04-08,Delivered,UK
ORD00832,PRD0078,BUY0235,2026-02-20,1,14.87,2026-02-27,2026-03-08,Delayed,Germany
ORD00833,PRD0074,BUY0373,2026-06-08,1,13.3,2026-06-15,2026-06-21,Delayed,Spain
ORD00834,PRD0060,BUY0357,2026-01-31,2,15.36,2026-02-06,,Cancelled,UK
ORD00835,PRD0012,BUY0270,2026-03-07,1,43.87,2026-03-10,2026-03-11,Delivered,Spain
ORD00836,PRD0122,BUY0360,2026-04-17,1,6.26,2026-04-22,2026-04-20,Delivered,UK
ORD00837,PRD0112,BUY0351,2026-05-05,2,30.24,2026-05-10,2026-05-12,Delayed,UK
ORD00838,PRD0118,BUY0008,2026-03-31,2,63.8,2026-04-05,2026-04-03,Delivered,UK
ORD00839,PRD0010,BUY0180,2025-06-23,1,10.88,2025-06-29,2025-06-27,Delivered,UK
ORD00840,PRD0054,BUY0042,2025-12-10,4,68.99,2025-12-14,2025-12-13,Delivered,Italy
ORD00841,PRD0093,BUY0155,2025-06-21,3,46.46,2025-06-27,2025-06-25,Delivered,Italy
ORD00842,PRD0141,BUY0155,2025-12-03,3,22.31,2025-12-07,2025-12-08,Delivered,France
ORD00843,PRD0030,BUY0161,2026-06-04,1,36.38,2026-06-10,2026-06-20,Delayed,France
ORD00844,PRD0035,BUY0216,2026-01-31,1,28.96,2026-02-06,2026-02-04,Delivered,UK
ORD00845,PRD0072,BUY0065,2025-11-23,2,13.85,2025-11-30,2025-11-30,Delivered,Spain
ORD00846,PRD0129,BUY0050,2026-02-03,1,15.99,2026-02-06,2026-02-04,Delivered,Italy
ORD00847,PRD0033,BUY0265,2025-12-19,1,35.78,2025-12-26,2025-12-24,Delivered,Spain
ORD00848,PRD0052,BUY0004,2025-07-22,4,94.95,2025-07-26,2025-07-26,Delivered,UK
ORD00849,PRD0053,BUY0013,2025-12-28,1,11.64,2025-12-31,2026-01-05,Delayed,Spain
ORD00850,PRD0103,BUY0349,2025-07-28,1,14.92,2025-08-01,2025-08-01,Delivered,Italy
ORD00851,PRD0097,BUY0149,2025-06-06,2,24.86,2025-06-10,2025-06-09,Delivered,France
ORD00852,PRD0051,BUY0235,2026-06-03,2,10.15,2026-06-06,2026-06-07,Delivered,Italy
ORD00853,PRD0099,BUY0240,2025-10-11,2,13.02,2025-10-18,2025-10-25,Delayed,France
ORD00854,PRD0103,BUY0090,2025-08-16,1,15.25,2025-08-23,2025-08-24,Delivered,Italy
ORD00855,PRD0135,BUY0035,2025-11-21,1,33.12,2025-11-25,2025-11-25,Delivered,Germany
ORD00856,PRD0137,BUY0302,2025-12-25,2,49.55,2026-01-01,2026-01-01,Delivered,Spain
ORD00857,PRD0019,BUY0348,2026-02-16,1,14.01,2026-02-20,2026-02-23,Delayed,UK
ORD00858,PRD0122,BUY0197,2026-06-17,4,25.61,2026-06-20,2026-06-19,Delivered,UK
ORD00859,PRD0034,BUY0016,2025-10-04,1,35.27,2025-10-07,2025-10-07,Delivered,Germany
ORD00860,PRD0087,BUY0348,2026-04-21,1,15.95,2026-04-28,2026-05-04,Delayed,France
ORD00861,PRD0141,BUY0050,2026-03-18,3,22.38,2026-03-25,,Cancelled,France
ORD00862,PRD0038,BUY0098,2026-02-09,1,4.96,2026-02-16,2026-02-16,Delivered,UK
ORD00863,PRD0065,BUY0193,2025-11-03,1,47.34,2025-11-07,2025-11-08,Delivered,UK
ORD00864,PRD0079,BUY0012,2026-06-20,1,40.18,2026-06-24,,Cancelled,Italy
ORD00865,PRD0035,BUY0039,2026-06-26,3,86.73,2026-07-01,2026-07-01,Returned,UK
ORD00866,PRD0023,BUY0135,2026-05-04,1,9.05,2026-05-07,2026-05-05,Delivered,UK
ORD00867,PRD0060,BUY0340,2026-01-21,1,7.97,2026-01-25,2026-01-25,Delivered,UK
ORD00868,PRD0060,BUY0246,2025-10-29,1,7.65,2025-11-04,2025-11-02,Delivered,UK
ORD00869,PRD0094,BUY0117,2025-06-23,1,5.98,2025-06-28,2025-06-28,Delivered,Italy
ORD00870,PRD0075,BUY0194,2026-06-09,1,17.38,2026-06-12,2026-06-14,Delayed,France
ORD00871,PRD0148,BUY0176,2026-02-25,1,38.65,2026-03-04,2026-03-04,Delivered,UK
ORD00872,PRD0053,BUY0128,2026-05-10,1,11.51,2026-05-17,2026-05-19,Delayed,Spain
ORD00873,PRD0037,BUY0067,2026-04-06,1,9.81,2026-04-13,2026-04-12,Delivered,UK
ORD00874,PRD0084,BUY0113,2025-11-10,1,38.01,2025-11-14,2025-11-14,Delivered,UK
ORD00875,PRD0009,BUY0258,2026-04-27,1,26.23,2026-05-04,2026-05-04,Delivered,Germany
ORD00876,PRD0083,BUY0284,2026-06-26,1,15.0,2026-06-30,2026-06-29,Delivered,Italy
ORD00877,PRD0007,BUY0011,2025-08-12,1,19.6,2025-08-18,2025-08-19,Delivered,Spain
ORD00878,PRD0027,BUY0196,2025-11-17,1,14.07,2025-11-20,2025-11-21,Delivered,France
ORD00879,PRD0009,BUY0014,2026-01-23,2,52.08,2026-01-28,,Cancelled,Germany
ORD00880,PRD0055,BUY0319,2026-01-03,4,49.38,2026-01-10,2026-01-08,Delivered,France
ORD00881,PRD0119,BUY0274,2026-06-08,2,26.79,2026-06-15,2026-06-15,Delivered,Spain
ORD00882,PRD0068,BUY0144,2026-05-21,1,5.13,2026-05-27,2026-05-26,Delivered,UK
ORD00883,PRD0093,BUY0338,2025-06-21,3,45.52,2025-06-28,2025-06-28,Delivered,Italy
ORD00884,PRD0115,BUY0009,2025-12-16,1,13.3,2025-12-21,2025-12-20,Delivered,Spain
ORD00885,PRD0048,BUY0313,2025-10-15,2,34.6,2025-10-21,2025-10-20,Returned,Germany
ORD00886,PRD0131,BUY0336,2025-07-05,2,42.3,2025-07-11,2025-07-11,Returned,Germany
ORD00887,PRD0035,BUY0032,2026-04-26,1,29.0,2026-05-01,,Cancelled,UK
ORD00888,PRD0137,BUY0180,2025-09-06,1,25.78,2025-09-11,2025-09-09,Delivered,Spain
ORD00889,PRD0036,BUY0145,2025-09-22,1,20.15,2025-09-27,2025-09-28,Delivered,UK
ORD00890,PRD0047,BUY0083,2026-02-24,5,326.71,2026-03-01,2026-03-01,Delivered,UK
ORD00891,PRD0093,BUY0194,2025-12-13,1,15.46,2025-12-18,2025-12-18,Delivered,Italy
ORD00892,PRD0114,BUY0295,2025-12-30,2,14.73,2026-01-02,2026-01-01,Delivered,Italy
ORD00893,PRD0043,BUY0100,2025-11-03,3,32.9,2025-11-06,2025-11-07,Delivered,UK
ORD00894,PRD0082,BUY0228,2025-09-07,3,17.5,2025-09-11,2025-09-09,Delivered,UK
ORD00895,PRD0019,BUY0215,2026-02-03,2,28.11,2026-02-08,2026-02-07,Delivered,UK
ORD00896,PRD0051,BUY0175,2026-06-14,1,5.24,2026-06-21,2026-06-21,Delivered,Italy
ORD00897,PRD0102,BUY0215,2025-09-17,2,14.64,2025-09-21,2025-09-22,Delivered,UK
ORD00898,PRD0058,BUY0068,2026-05-22,1,19.85,2026-05-28,,Cancelled,France
ORD00899,PRD0017,BUY0061,2025-11-22,4,99.21,2025-11-28,2025-11-27,Delivered,UK
ORD00900,PRD0107,BUY0210,2026-04-03,2,25.84,2026-04-06,2026-04-07,Returned,Italy
ORD00901,PRD0030,BUY0304,2026-06-12,2,74.33,2026-06-19,2026-06-17,Delivered,France
ORD00902,PRD0062,BUY0175,2025-10-20,1,17.39,2025-10-27,2025-10-25,Delivered,France
ORD00903,PRD0023,BUY0022,2026-04-08,3,27.21,2026-04-13,2026-04-12,Delivered,UK
ORD00904,PRD0041,BUY0061,2025-08-23,1,11.6,2025-08-30,2025-09-06,Delayed,UK
ORD00905,PRD0040,BUY0073,2026-03-08,1,9.26,2026-03-15,2026-03-14,Delivered,Spain
ORD00906,PRD0038,BUY0190,2026-03-23,1,5.11,2026-03-30,2026-03-29,Delivered,UK
ORD00907,PRD0125,BUY0222,2026-04-26,1,14.53,2026-05-01,2026-04-29,Delivered,Italy
ORD00908,PRD0033,BUY0168,2026-02-13,2,69.56,2026-02-18,2026-02-17,Delivered,Spain
ORD00909,PRD0025,BUY0362,2026-06-15,2,29.06,2026-06-20,2026-06-18,Delivered,France
ORD00910,PRD0124,BUY0113,2025-09-17,4,24.87,2025-09-21,2025-09-29,Delayed,France
ORD00911,PRD0149,BUY0371,2026-05-18,1,22.58,2026-05-22,2026-05-20,Delivered,France
ORD00912,PRD0005,BUY0324,2026-06-05,2,36.31,2026-06-08,2026-06-08,Delivered,Germany
ORD00913,PRD0062,BUY0323,2026-04-10,4,71.1,2026-04-14,2026-04-15,Delivered,France
ORD00914,PRD0010,BUY0340,2025-06-09,1,11.32,2025-06-14,2025-06-15,Delivered,UK
ORD00915,PRD0111,BUY0251,2026-03-14,1,14.78,2026-03-18,2026-03-19,Delivered,France
ORD00916,PRD0019,BUY0134,2026-01-12,1,14.76,2026-01-18,,Cancelled,UK
ORD00917,PRD0001,BUY0024,2026-04-10,1,11.13,2026-04-13,2026-04-12,Delivered,UK
ORD00918,PRD0122,BUY0370,2026-03-27,1,6.4,2026-03-30,2026-03-30,Delivered,UK
ORD00919,PRD0145,BUY0186,2026-01-03,4,20.28,2026-01-10,,Cancelled,Spain
ORD00920,PRD0030,BUY0284,2026-05-01,3,108.16,2026-05-05,2026-05-05,Delivered,France
ORD00921,PRD0131,BUY0155,2025-03-05,2,42.95,2025-03-12,2025-03-13,Delivered,Germany
ORD00922,PRD0068,BUY0139,2026-03-20,1,4.88,2026-03-26,2026-03-25,Delivered,UK
ORD00923,PRD0046,BUY0201,2026-05-06,1,26.03,2026-05-13,2026-05-12,Delivered,France
ORD00924,PRD0123,BUY0296,2026-05-15,1,5.84,2026-05-20,2026-05-25,Delayed,Germany
ORD00925,PRD0115,BUY0373,2026-03-27,2,26.47,2026-04-03,2026-04-04,Delivered,Spain
ORD00926,PRD0110,BUY0245,2025-11-08,1,18.4,2025-11-11,2025-11-16,Delayed,Germany
ORD00927,PRD0149,BUY0043,2026-05-16,2,44.03,2026-05-23,2026-06-01,Delayed,France
ORD00928,PRD0146,BUY0380,2026-05-17,3,35.16,2026-05-20,2026-05-20,Delivered,France
ORD00929,PRD0021,BUY0161,2026-04-08,2,89.49,2026-04-13,2026-04-14,Delivered,Germany
ORD00930,PRD0081,BUY0193,2025-10-12,1,5.1,2025-10-15,2025-10-16,Delivered,UK
ORD00931,PRD0123,BUY0088,2026-03-25,1,5.74,2026-03-28,,Cancelled,Germany
ORD00932,PRD0115,BUY0369,2026-01-17,2,26.57,2026-01-23,,Cancelled,Spain
ORD00933,PRD0027,BUY0351,2026-01-27,1,14.01,2026-02-03,2026-02-02,Delivered,France
ORD00934,PRD0113,BUY0243,2026-04-16,2,17.99,2026-04-20,2026-04-19,Delivered,Germany
ORD00935,PRD0121,BUY0170,2026-05-24,5,58.66,2026-05-28,2026-05-26,Delivered,France
ORD00936,PRD0125,BUY0141,2026-01-20,1,14.3,2026-01-24,2026-01-22,Delivered,Italy
ORD00937,PRD0111,BUY0053,2026-04-18,1,14.72,2026-04-24,2026-04-23,Delivered,France
ORD00938,PRD0078,BUY0378,2025-08-25,1,15.02,2025-08-31,2025-08-31,Delivered,Germany
ORD00939,PRD0104,BUY0001,2026-05-13,1,7.02,2026-05-17,2026-05-21,Delayed,UK
ORD00940,PRD0125,BUY0194,2026-05-13,3,42.56,2026-05-19,2026-05-17,Delivered,Italy
ORD00941,PRD0143,BUY0143,2026-04-30,1,11.83,2026-05-07,2026-05-06,Delivered,UK
ORD00942,PRD0149,BUY0092,2025-12-03,2,44.48,2025-12-06,2025-12-07,Delivered,France
ORD00943,PRD0122,BUY0092,2026-05-30,1,6.26,2026-06-06,2026-06-05,Delivered,UK
ORD00944,PRD0090,BUY0258,2026-02-02,1,19.98,2026-02-07,2026-02-14,Delayed,UK
ORD00945,PRD0088,BUY0016,2025-10-16,2,21.79,2025-10-21,2025-10-19,Delivered,UK
ORD00946,PRD0066,BUY0314,2026-04-08,1,6.94,2026-04-15,2026-04-13,Delivered,Italy
ORD00947,PRD0014,BUY0279,2025-12-05,1,11.1,2025-12-08,2025-12-07,Returned,UK
ORD00948,PRD0066,BUY0301,2025-08-27,1,7.02,2025-09-01,2025-08-31,Delivered,Italy
ORD00949,PRD0122,BUY0043,2026-05-30,1,6.42,2026-06-02,2026-06-02,Returned,UK
ORD00950,PRD0125,BUY0291,2026-06-28,1,13.97,2026-07-01,2026-07-01,Delivered,Italy
ORD00951,PRD0128,BUY0006,2025-10-11,1,39.91,2025-10-14,2025-10-12,Delivered,UK
ORD00952,PRD0026,BUY0195,2026-05-31,1,14.36,2026-06-04,2026-06-03,Delivered,UK
ORD00953,PRD0005,BUY0133,2026-04-04,1,18.29,2026-04-09,2026-04-08,Delivered,Germany
ORD00954,PRD0025,BUY0198,2026-01-13,1,15.04,2026-01-19,2026-01-18,Delivered,France
ORD00955,PRD0098,BUY0381,2026-06-11,1,9.9,2026-06-16,2026-06-26,Delayed,Spain
ORD00956,PRD0064,BUY0240,2025-07-04,1,12.27,2025-07-07,2025-07-06,Delivered,France
ORD00957,PRD0041,BUY0172,2025-02-23,1,11.48,2025-02-28,2025-02-26,Delivered,UK
ORD00958,PRD0149,BUY0234,2025-09-27,1,22.54,2025-10-01,2025-10-02,Delivered,France
ORD00959,PRD0046,BUY0154,2026-05-21,3,75.84,2026-05-26,2026-05-27,Delivered,France
ORD00960,PRD0067,BUY0084,2026-05-06,1,20.24,2026-05-11,2026-05-12,Delivered,UK
ORD00961,PRD0048,BUY0028,2026-06-21,2,34.53,2026-06-28,2026-06-27,Delivered,Germany
ORD00962,PRD0101,BUY0155,2026-05-21,1,7.99,2026-05-27,,Cancelled,Germany
ORD00963,PRD0111,BUY0192,2026-06-23,1,14.25,2026-06-27,2026-07-07,Delayed,France
ORD00964,PRD0136,BUY0391,2026-06-15,2,19.45,2026-06-21,2026-06-22,Delivered,Germany
ORD00965,PRD0036,BUY0274,2025-10-21,1,20.15,2025-10-26,2025-10-27,Delivered,UK
ORD00966,PRD0135,BUY0257,2026-03-28,1,33.17,2026-04-01,2026-04-01,Delivered,Germany
ORD00967,PRD0066,BUY0048,2025-09-27,2,13.6,2025-10-01,,Cancelled,Italy
ORD00968,PRD0093,BUY0216,2025-09-19,1,15.19,2025-09-25,,Cancelled,Italy
ORD00969,PRD0107,BUY0208,2026-03-11,3,37.57,2026-03-14,2026-03-12,Delivered,Italy
ORD00970,PRD0095,BUY0028,2026-02-01,1,5.05,2026-02-04,2026-02-05,Delivered,Italy
ORD00971,PRD0057,BUY0218,2026-04-25,1,30.07,2026-04-30,2026-04-30,Delivered,Spain
ORD00972,PRD0038,BUY0238,2026-03-18,1,5.12,2026-03-25,2026-03-26,Delivered,UK
ORD00973,PRD0087,BUY0393,2026-04-18,1,15.91,2026-04-23,2026-04-30,Delayed,France
ORD00974,PRD0089,BUY0019,2026-04-15,1,27.39,2026-04-20,2026-04-18,Delivered,Italy
ORD00975,PRD0010,BUY0235,2026-01-19,1,11.16,2026-01-25,2026-01-25,Delivered,UK
ORD00976,PRD0040,BUY0371,2026-06-07,2,17.56,2026-06-12,2026-06-11,Delivered,Spain
ORD00977,PRD0001,BUY0370,2026-06-21,1,11.58,2026-06-26,2026-06-24,Delivered,UK
ORD00978,PRD0105,BUY0277,2026-02-21,5,103.24,2026-02-28,2026-02-28,Delivered,UK
ORD00979,PRD0127,BUY0344,2025-10-06,2,23.24,2025-10-12,2025-10-11,Delivered,Germany
ORD00980,PRD0113,BUY0237,2025-12-17,1,8.96,2025-12-20,2025-12-19,Delivered,Germany
ORD00981,PRD0085,BUY0312,2025-12-25,1,10.49,2025-12-29,2025-12-30,Returned,Spain
ORD00982,PRD0046,BUY0178,2026-04-14,1,25.62,2026-04-21,,Cancelled,France
ORD00983,PRD0138,BUY0339,2026-06-13,2,71.44,2026-06-17,2026-06-17,Delivered,Spain
ORD00984,PRD0032,BUY0232,2026-06-20,5,37.39,2026-06-27,2026-07-03,Delayed,France
ORD00985,PRD0007,BUY0146,2025-08-25,2,40.0,2025-08-31,2025-08-29,Delivered,Spain
ORD00986,PRD0131,BUY0293,2026-06-09,1,21.28,2026-06-12,,Cancelled,Germany
ORD00987,PRD0068,BUY0215,2026-06-22,3,15.18,2026-06-28,2026-06-28,Delivered,UK
ORD00988,PRD0139,BUY0254,2026-04-27,1,7.36,2026-05-02,2026-05-03,Delivered,Italy
ORD00989,PRD0027,BUY0391,2025-07-24,4,53.7,2025-07-29,,Cancelled,France
ORD00990,PRD0008,BUY0071,2025-10-20,1,26.33,2025-10-26,2025-10-28,Delayed,UK
ORD00991,PRD0078,BUY0242,2026-04-22,2,30.8,2026-04-27,2026-04-26,Delivered,Germany
ORD00992,PRD0038,BUY0166,2026-05-18,2,10.2,2026-05-22,2026-05-21,Delivered,UK
ORD00993,PRD0091,BUY0237,2026-05-15,1,7.43,2026-05-22,2026-05-21,Delivered,France
ORD00994,PRD0071,BUY0350,2026-04-04,3,18.81,2026-04-08,2026-04-06,Delivered,UK
ORD00995,PRD0012,BUY0311,2026-05-22,1,42.49,2026-05-27,2026-05-25,Delivered,Spain
ORD00996,PRD0057,BUY0367,2026-05-11,3,86.37,2026-05-17,2026-05-15,Delivered,Spain
ORD00997,PRD0023,BUY0188,2026-06-18,1,8.92,2026-06-23,2026-06-21,Delivered,UK
ORD00998,PRD0063,BUY0364,2026-05-28,1,24.34,2026-06-02,2026-05-31,Delivered,Spain
ORD00999,PRD0066,BUY0390,2026-01-17,2,13.76,2026-01-23,2026-01-23,Delivered,Italy
ORD01000,PRD0081,BUY0157,2026-05-03,1,4.95,2026-05-08,2026-05-07,Delivered,UK
