seller_id,week,total_orders,breaches,sla_breach_rate,avg_rating,n_reviews,avg_exposure_score,total_impressions,total_video_views,total_live_stream_placements,n_returns,return_rate,region,primary_category,tier
SEL0001,2025-12-08,1,0,0.0,5.0,1.0,59.9,5701.0,3081.0,11.0,0.0,0.0,France,Fashion,Bronze
SEL0001,2025-12-22,1,0,0.0,,,68.0,6669.0,2811.0,14.0,0.0,0.0,France,Fashion,Bronze
SEL0001,2026-01-05,1,0,0.0,4.0,1.0,65.2,7338.0,3905.0,11.0,0.0,0.0,France,Fashion,Bronze
SEL0001,2026-02-02,1,0,0.0,4.0,1.0,78.0,13948.0,6879.0,30.0,0.0,0.0,France,Fashion,Bronze
SEL0001,2026-02-09,1,0,0.0,5.0,1.0,61.25,13691.0,7447.0,19.0,0.0,0.0,France,Fashion,Bronze
SEL0001,2026-03-09,1,0,0.0,5.0,1.0,59.25,12307.0,5516.0,21.0,0.0,0.0,France,Fashion,Bronze
SEL0001,2026-04-13,1,1,1.0,,,63.55,13740.0,6592.0,21.0,0.0,0.0,France,Fashion,Bronze
SEL0001,2026-04-20,2,1,0.5,3.0,2.0,61.4,14088.0,6030.0,19.0,1.0,0.5,France,Fashion,Bronze
SEL0001,2026-05-04,1,0,0.0,4.0,1.0,67.35,14707.0,6812.0,24.0,0.0,0.0,France,Fashion,Bronze
SEL0001,2026-05-11,1,0,0.0,5.0,1.0,73.65,14916.0,6496.0,23.0,0.0,0.0,France,Fashion,Bronze
SEL0001,2026-05-18,1,0,0.0,,,65.25,13303.0,6478.0,23.0,0.0,0.0,France,Fashion,Bronze
SEL0001,2026-06-01,1,0,0.0,1.0,1.0,64.6,14534.0,6793.0,19.0,0.0,0.0,France,Fashion,Bronze
SEL0002,2025-02-03,1,0,0.0,5.0,1.0,61.9,6279.0,2627.0,9.0,0.0,0.0,UK,Fashion,Silver
SEL0002,2025-06-02,1,0,0.0,,,67.35,13708.0,6520.0,22.0,0.0,0.0,UK,Fashion,Silver
SEL0002,2025-08-11,1,0,0.0,,,73.05,15340.0,6558.0,25.0,0.0,0.0,UK,Fashion,Silver
SEL0002,2025-09-01,1,0,0.0,,,71.4,14024.0,6688.0,23.0,0.0,0.0,UK,Fashion,Silver
SEL0002,2025-09-08,1,0,0.0,4.5,2.0,71.5,14255.0,5486.0,28.0,0.0,0.0,UK,Fashion,Silver
SEL0002,2025-10-13,1,0,0.0,,1.0,60.36666666666667,18316.0,8383.0,30.0,0.0,0.0,UK,Fashion,Silver
SEL0002,2025-10-27,1,1,1.0,,,53.36666666666667,17233.0,7728.0,30.0,0.0,0.0,UK,Fashion,Silver
SEL0002,2025-11-17,2,0,0.0,5.0,2.0,63.13333333333333,19003.0,8144.0,36.0,0.0,0.0,UK,Fashion,Silver
SEL0002,2025-11-24,1,0,0.0,3.0,1.0,55.666666666666664,17504.0,7342.0,28.0,0.0,0.0,UK,Fashion,Silver
SEL0002,2025-12-01,2,0,0.0,3.5,2.0,59.166666666666664,17949.0,7502.0,32.0,1.0,0.5,UK,Fashion,Silver
SEL0002,2026-01-05,1,0,0.0,,,62.03333333333334,19393.0,8719.0,30.0,0.0,0.0,UK,Fashion,Silver
SEL0002,2026-01-26,2,0,0.0,,,60.775,24603.0,12384.0,40.0,0.0,0.0,UK,Fashion,Silver
SEL0002,2026-02-09,1,0,0.0,,,65.65,25570.0,12183.0,50.0,0.0,0.0,UK,Fashion,Silver
SEL0002,2026-02-16,1,0,0.0,5.0,1.0,63.2,25164.0,12237.0,43.0,0.0,0.0,UK,Fashion,Silver
SEL0002,2026-03-02,2,1,0.5,1.0,2.0,59.6,24649.0,10405.0,42.0,0.0,0.0,UK,Fashion,Silver
SEL0002,2026-03-16,2,0,0.0,5.0,1.0,49.519999999999996,26467.0,12253.0,39.0,0.0,0.0,UK,Fashion,Silver
SEL0002,2026-03-30,1,0,0.0,5.0,1.0,54.36,27337.0,13709.0,49.0,0.0,0.0,UK,Fashion,Silver
SEL0002,2026-04-13,1,0,0.0,5.0,1.0,52.71999999999999,27709.0,13309.0,49.0,0.0,0.0,UK,Fashion,Silver
SEL0002,2026-04-20,1,0,0.0,,,52.68000000000001,26743.0,11744.0,46.0,1.0,1.0,UK,Fashion,Silver
SEL0002,2026-04-27,1,0,0.0,,,53.9,27891.0,11049.0,44.0,0.0,0.0,UK,Fashion,Silver
SEL0002,2026-05-04,1,0,0.0,4.0,1.0,59.3,28152.0,12689.0,54.0,0.0,0.0,UK,Fashion,Silver
SEL0002,2026-05-18,3,0,0.0,4.0,2.0,58.17999999999999,29480.0,13131.0,49.0,0.0,0.0,UK,Fashion,Silver
SEL0002,2026-06-01,1,0,0.0,,,55.2,27456.0,12154.0,50.0,0.0,0.0,UK,Fashion,Silver
SEL0002,2026-06-08,3,1,0.3333333333333333,2.5,2.0,56.260000000000005,28353.0,12512.0,46.0,1.0,0.3333333333333333,UK,Fashion,Silver
SEL0002,2026-06-15,2,0,0.0,5.0,1.0,49.9,27013.0,12818.0,37.0,0.0,0.0,UK,Fashion,Silver
SEL0002,2026-06-22,2,0,0.0,4.5,2.0,52.02,26976.0,12397.0,42.0,0.0,0.0,UK,Fashion,Silver
SEL0003,2025-05-26,1,0,0.0,1.0,1.0,24.0,2481.0,1057.0,5.0,0.0,0.0,Germany,Home & Living,Bronze
SEL0003,2025-06-16,1,1,1.0,2.0,1.0,20.9,2497.0,1099.0,3.0,0.0,0.0,Germany,Home & Living,Bronze
SEL0003,2025-06-30,1,0,0.0,5.0,1.0,25.9,2703.0,1250.0,5.0,0.0,0.0,Germany,Home & Living,Bronze
SEL0003,2025-09-15,1,0,0.0,,,24.4,2392.0,1001.0,4.0,0.0,0.0,Germany,Home & Living,Bronze
SEL0003,2025-10-06,1,0,0.0,5.0,1.0,25.8,2759.0,1206.0,5.0,0.0,0.0,Germany,Home & Living,Bronze
SEL0003,2025-11-03,1,0,0.0,,,23.3,2412.0,1279.0,4.0,0.0,0.0,Germany,Home & Living,Bronze
SEL0003,2026-02-16,1,1,1.0,,,27.1,2394.0,897.0,5.0,1.0,1.0,Germany,Home & Living,Bronze
SEL0003,2026-04-13,1,0,0.0,5.0,1.0,28.6,3134.0,1288.0,5.0,0.0,0.0,Germany,Home & Living,Bronze
SEL0004,2025-11-03,1,0,0.0,,,61.2,12586.0,5566.0,20.0,0.0,0.0,Italy,Electronics,Bronze
SEL0004,2025-11-10,1,0,0.0,3.0,1.0,62.2,12998.0,5480.0,20.0,0.0,0.0,Italy,Electronics,Bronze
SEL0004,2025-11-17,1,1,1.0,,,59.5,12069.0,5580.0,23.0,1.0,1.0,Italy,Electronics,Bronze
SEL0004,2025-11-24,1,0,0.0,4.0,1.0,54.05,11535.0,5054.0,20.0,0.0,0.0,Italy,Electronics,Bronze
SEL0004,2025-12-22,1,0,0.0,,,65.2,11735.0,5808.0,25.0,0.0,0.0,Italy,Electronics,Bronze
SEL0004,2026-02-02,2,0,0.0,,1.0,66.45,13456.0,6295.0,20.0,0.0,0.0,Italy,Electronics,Bronze
SEL0004,2026-03-09,1,0,0.0,5.0,1.0,58.1,10844.0,4505.0,22.0,0.0,0.0,Italy,Electronics,Bronze
SEL0004,2026-03-30,1,0,0.0,,1.0,54.25,10813.0,5484.0,22.0,0.0,0.0,Italy,Electronics,Bronze
SEL0004,2026-04-20,1,0,0.0,,,56.7,13080.0,6637.0,16.0,0.0,0.0,Italy,Electronics,Bronze
SEL0004,2026-05-18,1,0,0.0,,,61.650000000000006,12453.0,6542.0,21.0,0.0,0.0,Italy,Electronics,Bronze
SEL0004,2026-06-15,1,0,0.0,,,53.9,11974.0,6322.0,19.0,0.0,0.0,Italy,Electronics,Bronze
SEL0005,2025-03-31,1,0,0.0,,1.0,43.1,4256.0,1877.0,8.0,0.0,0.0,UK,Electronics,Silver
SEL0005,2025-04-28,2,1,0.5,3.0,2.0,65.8,13330.0,7049.0,21.0,0.0,0.0,UK,Electronics,Silver
SEL0005,2025-05-26,1,1,1.0,,,58.5,13075.0,4987.0,17.0,0.0,0.0,UK,Electronics,Silver
SEL0005,2025-06-09,1,0,0.0,5.0,1.0,73.19999999999999,13339.0,6808.0,29.0,0.0,0.0,UK,Electronics,Silver
SEL0005,2025-06-23,1,0,0.0,,,52.95,12638.0,4978.0,16.0,0.0,0.0,UK,Electronics,Silver
SEL0005,2025-07-14,1,0,0.0,4.0,1.0,74.1,13151.0,5749.0,29.0,0.0,0.0,UK,Electronics,Silver
SEL0005,2025-08-11,2,0,0.0,4.0,1.0,66.4,12949.0,6417.0,24.0,0.0,0.0,UK,Electronics,Silver
SEL0005,2025-09-29,1,0,0.0,2.0,1.0,65.5,20692.0,8762.0,32.0,0.0,0.0,UK,Electronics,Silver
SEL0005,2025-10-06,2,0,0.0,4.0,1.0,64.03333333333333,19435.0,10337.0,30.0,0.0,0.0,UK,Electronics,Silver
SEL0005,2025-10-13,1,0,0.0,2.0,1.0,62.73333333333333,19878.0,9922.0,31.0,1.0,1.0,UK,Electronics,Silver
SEL0005,2025-10-20,1,0,0.0,5.0,1.0,72.83333333333333,20701.0,9213.0,45.0,0.0,0.0,UK,Electronics,Silver
SEL0005,2025-10-27,1,0,0.0,5.0,1.0,59.23333333333333,19374.0,9769.0,29.0,0.0,0.0,UK,Electronics,Silver
SEL0005,2026-01-19,2,0,0.0,,,58.1,23686.0,10912.0,42.0,0.0,0.0,UK,Electronics,Silver
SEL0005,2026-02-02,1,0,0.0,5.0,1.0,57.125,23310.0,11805.0,40.0,0.0,0.0,UK,Electronics,Silver
SEL0005,2026-02-16,1,0,0.0,3.0,1.0,62.25,25240.0,10025.0,42.0,0.0,0.0,UK,Electronics,Silver
SEL0005,2026-02-23,2,0,0.0,5.0,1.0,62.8,24396.0,10284.0,45.0,0.0,0.0,UK,Electronics,Silver
SEL0005,2026-03-02,1,0,0.0,5.0,1.0,53.199999999999996,22523.0,11529.0,37.0,0.0,0.0,UK,Electronics,Silver
SEL0005,2026-03-30,1,0,0.0,,,55.0,22477.0,10216.0,36.0,0.0,0.0,UK,Electronics,Silver
SEL0005,2026-04-13,1,0,0.0,5.0,1.0,56.125,22389.0,9669.0,40.0,0.0,0.0,UK,Electronics,Silver
SEL0005,2026-04-20,2,0,0.0,4.0,1.0,58.42,29360.0,12208.0,49.0,0.0,0.0,UK,Electronics,Silver
SEL0005,2026-04-27,1,0,0.0,,,55.379999999999995,29907.0,13433.0,48.0,0.0,0.0,UK,Electronics,Silver
SEL0005,2026-05-04,1,1,1.0,,1.0,58.36,29717.0,13058.0,54.0,0.0,0.0,UK,Electronics,Silver
SEL0005,2026-05-11,4,1,0.25,3.3333333333333335,3.0,60.04,30777.0,16433.0,52.0,0.0,0.0,UK,Electronics,Silver
SEL0005,2026-05-18,1,0,0.0,4.0,1.0,55.94,27960.0,12870.0,53.0,0.0,0.0,UK,Electronics,Silver
SEL0005,2026-06-01,2,1,0.5,,,53.67999999999999,27871.0,13925.0,46.0,0.0,0.0,UK,Electronics,Silver
SEL0005,2026-06-08,3,0,0.0,4.666666666666667,3.0,56.6,27870.0,12362.0,48.0,0.0,0.0,UK,Electronics,Silver
SEL0005,2026-06-15,1,0,0.0,,,62.08,30349.0,14831.0,55.0,0.0,0.0,UK,Electronics,Silver
SEL0005,2026-06-29,1,0,0.0,,,66.4,8133.0,3514.0,9.0,0.0,0.0,UK,Electronics,Silver
SEL0006,2025-05-05,1,0,0.0,4.0,1.0,70.3,7710.0,2950.0,10.0,0.0,0.0,Italy,Beauty,Bronze
SEL0006,2025-07-21,1,1,1.0,2.0,1.0,70.025,29543.0,14444.0,45.0,0.0,0.0,Italy,Beauty,Bronze
SEL0006,2025-07-28,1,0,0.0,4.0,1.0,68.975,28269.0,13412.0,45.0,0.0,0.0,Italy,Beauty,Bronze
SEL0006,2025-08-11,1,0,0.0,,,68.675,27343.0,13219.0,54.0,0.0,0.0,Italy,Beauty,Bronze
SEL0006,2025-08-18,1,0,0.0,5.0,1.0,75.725,29181.0,13311.0,51.0,0.0,0.0,Italy,Beauty,Bronze
SEL0006,2025-12-01,2,0,0.0,4.0,1.0,69.825,26460.0,13289.0,51.0,0.0,0.0,Italy,Beauty,Bronze
SEL0006,2025-12-08,1,0,0.0,3.0,1.0,70.05,29808.0,14041.0,47.0,0.0,0.0,Italy,Beauty,Bronze
SEL0006,2025-12-22,1,0,0.0,5.0,1.0,73.525,28856.0,12593.0,55.0,0.0,0.0,Italy,Beauty,Bronze
SEL0006,2025-12-29,1,0,0.0,3.0,1.0,73.5,29594.0,15425.0,58.0,0.0,0.0,Italy,Beauty,Bronze
SEL0006,2026-03-30,3,2,0.6666666666666666,1.0,1.0,77.85,29686.0,13453.0,62.0,1.0,0.3333333333333333,Italy,Beauty,Bronze
SEL0006,2026-04-13,1,0,0.0,5.0,1.0,70.77499999999999,27655.0,11996.0,57.0,0.0,0.0,Italy,Beauty,Bronze
SEL0006,2026-05-11,1,0,0.0,5.0,1.0,62.42,30800.0,13822.0,53.0,0.0,0.0,Italy,Beauty,Bronze
SEL0006,2026-05-18,3,1,0.3333333333333333,5.0,1.0,62.94,32449.0,14485.0,50.0,0.0,0.0,Italy,Beauty,Bronze
SEL0006,2026-05-25,1,0,0.0,,,68.0,35109.0,15413.0,59.0,0.0,0.0,Italy,Beauty,Bronze
SEL0006,2026-06-01,2,0,0.0,,,64.58,31517.0,14680.0,62.0,0.0,0.0,Italy,Beauty,Bronze
SEL0006,2026-06-08,1,0,0.0,5.0,1.0,61.739999999999995,31429.0,14348.0,54.0,0.0,0.0,Italy,Beauty,Bronze
SEL0006,2026-06-15,2,0,0.0,1.0,1.0,68.0,33790.0,15458.0,62.0,0.0,0.0,Italy,Beauty,Bronze
SEL0006,2026-06-22,1,0,0.0,,,64.53999999999999,31722.0,13705.0,57.0,0.0,0.0,Italy,Beauty,Bronze
SEL0007,2025-03-03,1,0,0.0,4.0,1.0,26.3,2693.0,1316.0,4.0,0.0,0.0,Germany,Sports & Outdoors,Bronze
SEL0007,2025-06-09,1,0,0.0,,,30.8,3005.0,1413.0,7.0,1.0,1.0,Germany,Sports & Outdoors,Bronze
SEL0007,2025-06-30,1,0,0.0,,,20.9,2533.0,1053.0,3.0,1.0,1.0,Germany,Sports & Outdoors,Bronze
SEL0007,2025-07-28,1,0,0.0,,,18.45,4666.0,1660.0,4.0,0.0,0.0,Germany,Sports & Outdoors,Bronze
SEL0007,2025-08-04,2,0,0.0,4.5,2.0,19.1,4806.0,2200.0,4.0,0.0,0.0,Germany,Sports & Outdoors,Bronze
SEL0007,2025-11-10,1,0,0.0,5.0,1.0,22.133333333333336,7478.0,3157.0,10.0,0.0,0.0,Germany,Sports & Outdoors,Bronze
SEL0007,2025-12-01,2,1,0.5,5.0,1.0,13.233333333333334,4677.0,2370.0,4.0,0.0,0.0,Germany,Sports & Outdoors,Bronze
SEL0007,2025-12-08,1,1,1.0,1.0,1.0,15.033333333333333,5702.0,2780.0,4.0,0.0,0.0,Germany,Sports & Outdoors,Bronze
SEL0007,2025-12-29,1,0,0.0,,,10.733333333333333,4091.0,1606.0,3.0,0.0,0.0,Germany,Sports & Outdoors,Bronze
SEL0007,2026-01-05,1,1,1.0,,1.0,9.766666666666667,3905.0,1774.0,2.0,1.0,1.0,Germany,Sports & Outdoors,Bronze
SEL0007,2026-01-26,1,0,0.0,,,8.166666666666666,3446.0,1428.0,1.0,0.0,0.0,Germany,Sports & Outdoors,Bronze
SEL0007,2026-02-16,1,1,1.0,2.0,1.0,5.966666666666666,2702.0,1251.0,0.0,0.0,0.0,Germany,Sports & Outdoors,Bronze
SEL0007,2026-03-09,2,2,1.0,2.0,2.0,6.633333333333333,2653.0,1055.0,1.0,1.0,0.5,Germany,Sports & Outdoors,Bronze
SEL0007,2026-03-23,1,0,0.0,4.0,1.0,4.866666666666666,2280.0,1124.0,0.0,0.0,0.0,Germany,Sports & Outdoors,Bronze
SEL0007,2026-05-25,1,0,0.0,2.0,1.0,4.233333333333333,2031.0,891.0,0.0,0.0,0.0,Germany,Sports & Outdoors,Bronze
SEL0007,2026-06-08,1,1,1.0,,,4.533333333333333,2018.0,920.0,0.0,0.0,0.0,Germany,Sports & Outdoors,Bronze
SEL0008,2025-02-17,1,1,1.0,3.0,1.0,78.6,7405.0,3736.0,14.0,1.0,1.0,UK,Home & Living,Silver
SEL0008,2025-03-31,1,0,0.0,5.0,1.0,82.2,8582.0,3017.0,15.0,0.0,0.0,UK,Home & Living,Silver
SEL0008,2025-11-03,1,0,0.0,4.0,1.0,51.45,11114.0,5735.0,16.0,0.0,0.0,UK,Home & Living,Silver
SEL0008,2025-11-17,1,1,1.0,3.0,1.0,41.85,9401.0,4279.0,14.0,1.0,1.0,UK,Home & Living,Silver
SEL0008,2025-11-24,1,1,1.0,,,46.05,10237.0,4742.0,14.0,0.0,0.0,UK,Home & Living,Silver
SEL0008,2025-12-22,1,1,1.0,1.0,1.0,31.450000000000003,7320.0,2986.0,7.0,1.0,1.0,UK,Home & Living,Silver
SEL0008,2026-02-02,1,0,0.0,2.0,1.0,16.65,4130.0,1667.0,3.0,0.0,0.0,UK,Home & Living,Silver
SEL0008,2026-02-09,2,0,0.0,2.0,1.0,15.05,3991.0,1801.0,2.0,1.0,0.5,UK,Home & Living,Silver
SEL0008,2026-02-23,1,0,0.0,5.0,1.0,28.766666666666666,10090.0,5196.0,10.0,0.0,0.0,UK,Home & Living,Silver
SEL0008,2026-03-02,1,1,1.0,,,25.099999999999998,9447.0,4796.0,8.0,1.0,1.0,UK,Home & Living,Silver
SEL0008,2026-03-09,1,1,1.0,2.0,1.0,23.2,8827.0,4540.0,6.0,0.0,0.0,UK,Home & Living,Silver
SEL0008,2026-03-16,1,1,1.0,,,19.5,8038.0,3610.0,5.0,1.0,1.0,UK,Home & Living,Silver
SEL0008,2026-03-23,1,1,1.0,1.0,1.0,19.733333333333334,7268.0,3187.0,5.0,1.0,1.0,UK,Home & Living,Silver
SEL0008,2026-03-30,1,0,0.0,5.0,1.0,19.2,7095.0,3116.0,6.0,0.0,0.0,UK,Home & Living,Silver
SEL0008,2026-04-06,1,0,0.0,4.0,1.0,14.200000000000001,6141.0,2590.0,3.0,0.0,0.0,UK,Home & Living,Silver
SEL0008,2026-04-13,2,2,1.0,4.0,2.0,15.166666666666666,6214.0,2426.0,4.0,1.0,0.5,UK,Home & Living,Silver
SEL0008,2026-04-20,1,0,0.0,1.0,1.0,13.066666666666668,5129.0,2203.0,3.0,1.0,1.0,UK,Home & Living,Silver
SEL0008,2026-04-27,1,0,0.0,5.0,1.0,13.333333333333334,5657.0,2879.0,2.0,0.0,0.0,UK,Home & Living,Silver
SEL0008,2026-05-04,1,1,1.0,,,12.466666666666667,5521.0,2175.0,2.0,0.0,0.0,UK,Home & Living,Silver
SEL0008,2026-05-11,1,1,1.0,,,11.333333333333334,4792.0,1942.0,2.0,0.0,0.0,UK,Home & Living,Silver
SEL0008,2026-05-18,1,1,1.0,2.0,1.0,10.866666666666667,4620.0,2310.0,1.0,0.0,0.0,UK,Home & Living,Silver
SEL0008,2026-06-01,1,0,0.0,5.0,1.0,9.4,4268.0,1892.0,1.0,0.0,0.0,UK,Home & Living,Silver
SEL0008,2026-06-08,1,1,1.0,1.0,1.0,9.466666666666667,4040.0,1993.0,1.0,1.0,1.0,UK,Home & Living,Silver
SEL0008,2026-06-15,3,3,1.0,2.0,1.0,9.5,3966.0,1949.0,1.0,1.0,0.3333333333333333,UK,Home & Living,Silver
SEL0008,2026-06-29,1,1,1.0,,,3.4,558.0,283.0,0.0,0.0,0.0,UK,Home & Living,Silver
SEL0009,2025-10-06,2,2,1.0,2.0,1.0,35.75,16556.0,7181.0,20.0,2.0,1.0,France,Sports & Outdoors,Silver
SEL0009,2025-10-20,2,1,0.5,3.0,2.0,31.625,13970.0,5900.0,18.0,1.0,0.5,France,Sports & Outdoors,Silver
SEL0009,2025-12-08,1,1,1.0,4.0,1.0,19.4,12912.0,5976.0,8.0,0.0,0.0,France,Sports & Outdoors,Silver
SEL0009,2025-12-15,1,1,1.0,3.0,1.0,19.14,11578.0,5809.0,11.0,1.0,1.0,France,Sports & Outdoors,Silver
SEL0009,2025-12-29,1,1,1.0,2.0,1.0,16.06,10773.0,5277.0,7.0,1.0,1.0,France,Sports & Outdoors,Silver
SEL0009,2026-01-05,1,0,0.0,,,13.940000000000001,9990.0,4799.0,4.0,0.0,0.0,France,Sports & Outdoors,Silver
SEL0009,2026-01-12,2,0,0.0,5.0,1.0,22.683333333333334,15923.0,6499.0,18.0,0.0,0.0,France,Sports & Outdoors,Silver
SEL0009,2026-01-26,1,0,0.0,,,17.683333333333334,13651.0,6334.0,8.0,0.0,0.0,France,Sports & Outdoors,Silver
SEL0009,2026-02-02,1,0,0.0,5.0,1.0,18.783333333333335,13819.0,6602.0,9.0,0.0,0.0,France,Sports & Outdoors,Silver
SEL0009,2026-02-16,2,1,0.5,,1.0,16.8,12329.0,5385.0,11.0,0.0,0.0,France,Sports & Outdoors,Silver
SEL0009,2026-02-23,2,2,1.0,1.0,1.0,13.633333333333335,10856.0,4977.0,7.0,0.0,0.0,France,Sports & Outdoors,Silver
SEL0009,2026-03-16,1,0,0.0,5.0,1.0,9.483333333333333,8199.0,3197.0,3.0,0.0,0.0,France,Sports & Outdoors,Silver
SEL0009,2026-03-23,1,0,0.0,,,9.55,8301.0,4053.0,2.0,0.0,0.0,France,Sports & Outdoors,Silver
SEL0009,2026-04-13,2,2,1.0,2.0,2.0,8.366666666666667,7368.0,3515.0,1.0,1.0,0.5,France,Sports & Outdoors,Silver
SEL0009,2026-04-20,2,2,1.0,1.0,1.0,8.433333333333334,7614.0,3351.0,1.0,2.0,1.0,France,Sports & Outdoors,Silver
SEL0009,2026-04-27,1,1,1.0,4.0,1.0,7.233333333333333,6458.0,3103.0,1.0,1.0,1.0,France,Sports & Outdoors,Silver
SEL0009,2026-05-04,1,0,0.0,,,6.816666666666666,6030.0,2900.0,1.0,0.0,0.0,France,Sports & Outdoors,Silver
SEL0009,2026-05-11,1,1,1.0,2.0,1.0,9.928571428571429,8960.0,4472.0,7.0,1.0,1.0,France,Sports & Outdoors,Silver
SEL0009,2026-05-18,1,1,1.0,,,9.842857142857143,8994.0,4079.0,5.0,0.0,0.0,France,Sports & Outdoors,Silver
SEL0009,2026-05-25,3,0,0.0,2.0,2.0,8.442857142857143,8381.0,4006.0,2.0,1.0,0.3333333333333333,France,Sports & Outdoors,Silver
SEL0009,2026-06-01,2,2,1.0,5.0,1.0,8.342857142857143,8028.0,3345.0,3.0,1.0,0.5,France,Sports & Outdoors,Silver
SEL0009,2026-06-08,2,1,0.5,2.5,2.0,8.0,7603.0,3155.0,3.0,0.0,0.0,France,Sports & Outdoors,Silver
SEL0009,2026-06-15,1,1,1.0,,,7.814285714285715,7800.0,3765.0,2.0,0.0,0.0,France,Sports & Outdoors,Silver
SEL0009,2026-06-29,1,1,1.0,,,,,,,1.0,1.0,France,Sports & Outdoors,Silver
SEL0010,2025-08-25,1,0,0.0,5.0,1.0,54.6,16692.0,7384.0,29.0,0.0,0.0,Italy,Electronics,Silver
SEL0010,2025-09-22,1,1,1.0,,,63.53333333333333,18610.0,8416.0,36.0,0.0,0.0,Italy,Electronics,Silver
SEL0010,2025-10-13,2,0,0.0,,,51.73333333333333,17177.0,7319.0,26.0,0.0,0.0,Italy,Electronics,Silver
SEL0010,2025-10-27,1,0,0.0,,,55.93333333333334,16949.0,7641.0,31.0,0.0,0.0,Italy,Electronics,Silver
SEL0010,2025-11-24,1,0,0.0,,1.0,57.06666666666666,17680.0,6420.0,31.0,0.0,0.0,Italy,Electronics,Silver
SEL0010,2025-12-08,1,0,0.0,,,53.46666666666667,15992.0,6377.0,29.0,0.0,0.0,Italy,Electronics,Silver
SEL0010,2026-01-12,1,0,0.0,,,49.96666666666666,15466.0,7309.0,24.0,0.0,0.0,Italy,Electronics,Silver
SEL0010,2026-02-02,2,1,0.5,2.5,2.0,56.03333333333333,17841.0,6989.0,28.0,1.0,0.5,Italy,Electronics,Silver
SEL0010,2026-02-09,1,0,0.0,,,51.73333333333333,15651.0,6720.0,30.0,0.0,0.0,Italy,Electronics,Silver
SEL0010,2026-03-30,1,0,0.0,,,63.03333333333333,17956.0,7157.0,38.0,0.0,0.0,Italy,Electronics,Silver
SEL0010,2026-04-06,2,0,0.0,,,54.199999999999996,16301.0,6260.0,28.0,0.0,0.0,Italy,Electronics,Silver
SEL0010,2026-05-04,1,1,1.0,,,52.73333333333334,16398.0,6723.0,25.0,0.0,0.0,Italy,Electronics,Silver
SEL0011,2025-03-24,1,0,0.0,2.0,1.0,66.4,6798.0,3438.0,10.0,1.0,1.0,UK,Pet Supplies,Silver
SEL0011,2025-05-26,1,0,0.0,5.0,1.0,51.6,5606.0,2220.0,9.0,0.0,0.0,UK,Pet Supplies,Silver
SEL0011,2025-07-21,1,1,1.0,,,67.8,6205.0,2397.0,14.0,1.0,1.0,UK,Pet Supplies,Silver
SEL0011,2025-08-18,1,0,0.0,,,57.6,5685.0,2128.0,11.0,0.0,0.0,UK,Pet Supplies,Silver
SEL0011,2025-12-22,1,0,0.0,,,56.36666666666667,17747.0,8180.0,26.0,0.0,0.0,UK,Pet Supplies,Silver
SEL0011,2026-01-05,2,0,0.0,,,63.76666666666667,19330.0,9159.0,32.0,0.0,0.0,UK,Pet Supplies,Silver
SEL0011,2026-03-02,1,0,0.0,5.0,1.0,60.53333333333333,18726.0,7566.0,28.0,0.0,0.0,UK,Pet Supplies,Silver
SEL0011,2026-03-09,1,0,0.0,,,64.10000000000001,18954.0,8472.0,36.0,0.0,0.0,UK,Pet Supplies,Silver
SEL0011,2026-03-23,1,0,0.0,1.0,1.0,56.53333333333333,16975.0,7873.0,30.0,0.0,0.0,UK,Pet Supplies,Silver
SEL0011,2026-03-30,1,0,0.0,,,63.13333333333333,18774.0,8755.0,35.0,0.0,0.0,UK,Pet Supplies,Silver
SEL0011,2026-04-06,1,0,0.0,4.0,1.0,51.833333333333336,17195.0,6922.0,28.0,0.0,0.0,UK,Pet Supplies,Silver
SEL0011,2026-06-01,1,1,1.0,2.0,1.0,62.833333333333336,19106.0,8374.0,34.0,0.0,0.0,UK,Pet Supplies,Silver
SEL0011,2026-06-08,1,0,0.0,,,61.53333333333333,17725.0,8320.0,34.0,0.0,0.0,UK,Pet Supplies,Silver
SEL0011,2026-06-22,1,0,0.0,5.0,1.0,64.23333333333333,19276.0,7866.0,34.0,0.0,0.0,UK,Pet Supplies,Silver
SEL0012,2025-12-22,1,0,0.0,,,57.5,5137.0,1867.0,12.0,0.0,0.0,Italy,Home & Living,Silver
SEL0012,2026-01-26,1,1,1.0,3.0,1.0,61.2,5848.0,3167.0,12.0,1.0,1.0,Italy,Home & Living,Silver
SEL0012,2026-02-23,1,1,1.0,3.0,1.0,42.05,8521.0,3466.0,12.0,0.0,0.0,Italy,Home & Living,Silver
SEL0012,2026-03-02,1,0,0.0,4.0,1.0,49.699999999999996,15897.0,7102.0,25.0,0.0,0.0,Italy,Home & Living,Silver
SEL0012,2026-03-16,1,0,0.0,5.0,1.0,36.300000000000004,12292.0,5671.0,13.0,0.0,0.0,Italy,Home & Living,Silver
SEL0012,2026-03-23,1,0,0.0,5.0,1.0,37.699999999999996,13156.0,5594.0,16.0,0.0,0.0,Italy,Home & Living,Silver
SEL0012,2026-03-30,1,1,1.0,,,33.1,11979.0,4969.0,11.0,1.0,1.0,Italy,Home & Living,Silver
SEL0012,2026-04-20,3,2,0.6666666666666666,4.0,2.0,30.725,13933.0,6345.0,16.0,1.0,0.3333333333333333,Italy,Home & Living,Silver
SEL0012,2026-04-27,1,1,1.0,1.0,1.0,26.575,12610.0,5473.0,12.0,1.0,1.0,Italy,Home & Living,Silver
SEL0012,2026-05-11,4,1,0.25,3.0,1.0,22.95,11091.0,5441.0,10.0,0.0,0.0,Italy,Home & Living,Silver
SEL0012,2026-05-18,1,0,0.0,2.0,1.0,20.25,10688.0,4325.0,7.0,1.0,1.0,Italy,Home & Living,Silver
SEL0012,2026-06-15,1,1,1.0,,,13.675,7791.0,3361.0,2.0,0.0,0.0,Italy,Home & Living,Silver
SEL0013,2025-07-21,1,0,0.0,5.0,1.0,92.6,8865.0,4276.0,19.0,0.0,0.0,Spain,Home & Living,Silver
SEL0013,2025-09-15,1,0,0.0,3.0,1.0,88.4,8968.0,4184.0,19.0,0.0,0.0,Spain,Home & Living,Silver
SEL0013,2025-09-22,1,0,0.0,4.0,1.0,81.0,8780.0,3437.0,13.0,0.0,0.0,Spain,Home & Living,Silver
SEL0013,2025-11-24,1,0,0.0,,,84.4,9110.0,4677.0,13.0,0.0,0.0,Spain,Home & Living,Silver
SEL0013,2025-12-22,1,0,0.0,3.0,1.0,86.7,7941.0,4306.0,15.0,0.0,0.0,Spain,Home & Living,Silver
SEL0013,2026-01-05,1,0,0.0,,,100.0,9718.0,3627.0,22.0,1.0,1.0,Spain,Home & Living,Silver
SEL0013,2026-01-12,1,0,0.0,5.0,1.0,98.9,8742.0,3274.0,18.0,0.0,0.0,Spain,Home & Living,Silver
SEL0013,2026-04-20,1,0,0.0,,,66.35,13920.0,7035.0,21.0,1.0,1.0,Spain,Home & Living,Silver
SEL0013,2026-04-27,1,1,1.0,,,60.05,13793.0,6291.0,18.0,1.0,1.0,Spain,Home & Living,Silver
SEL0013,2026-05-04,2,0,0.0,4.0,1.0,76.25,14315.0,5802.0,31.0,0.0,0.0,Spain,Home & Living,Silver
SEL0013,2026-06-08,1,0,0.0,5.0,1.0,80.0,15567.0,6868.0,30.0,0.0,0.0,Spain,Home & Living,Silver
SEL0013,2026-06-15,1,0,0.0,4.0,1.0,63.85,14607.0,7254.0,22.0,0.0,0.0,Spain,Home & Living,Silver
SEL0013,2026-06-22,1,0,0.0,,,65.0,14674.0,6647.0,21.0,0.0,0.0,Spain,Home & Living,Silver
SEL0014,2025-06-23,1,1,1.0,,1.0,79.3,6763.0,3010.0,16.0,0.0,0.0,UK,Pet Supplies,Gold
SEL0014,2025-08-11,1,0,0.0,1.0,1.0,62.9,6746.0,2666.0,9.0,0.0,0.0,UK,Pet Supplies,Gold
SEL0014,2025-09-15,1,0,0.0,1.0,1.0,51.9,11912.0,5218.0,17.0,0.0,0.0,UK,Pet Supplies,Gold
SEL0014,2025-10-27,1,0,0.0,4.0,1.0,68.06666666666666,19545.0,9217.0,38.0,0.0,0.0,UK,Pet Supplies,Gold
SEL0014,2025-11-10,1,0,0.0,,,62.1,17443.0,7672.0,38.0,0.0,0.0,UK,Pet Supplies,Gold
SEL0014,2025-11-17,1,0,0.0,4.0,1.0,53.96666666666667,17462.0,7525.0,25.0,0.0,0.0,UK,Pet Supplies,Gold
SEL0014,2025-11-24,1,1,1.0,3.0,1.0,65.2,26635.0,14113.0,47.0,0.0,0.0,UK,Pet Supplies,Gold
SEL0014,2025-12-01,1,0,0.0,5.0,1.0,75.0,29161.0,11900.0,55.0,0.0,0.0,UK,Pet Supplies,Gold
SEL0014,2025-12-08,1,0,0.0,,,68.925,26814.0,12419.0,53.0,0.0,0.0,UK,Pet Supplies,Gold
SEL0014,2025-12-15,1,0,0.0,,,69.025,28367.0,12810.0,47.0,0.0,0.0,UK,Pet Supplies,Gold
SEL0014,2026-01-05,1,0,0.0,5.0,1.0,67.425,28370.0,12377.0,50.0,0.0,0.0,UK,Pet Supplies,Gold
SEL0014,2026-01-12,1,0,0.0,4.0,1.0,65.525,26086.0,11236.0,47.0,0.0,0.0,UK,Pet Supplies,Gold
SEL0014,2026-01-19,1,0,0.0,,,67.5,27406.0,11210.0,45.0,0.0,0.0,UK,Pet Supplies,Gold
SEL0014,2026-01-26,1,0,0.0,,,68.2,27190.0,12299.0,44.0,0.0,0.0,UK,Pet Supplies,Gold
SEL0014,2026-02-09,1,0,0.0,,,67.15,26947.0,10943.0,49.0,0.0,0.0,UK,Pet Supplies,Gold
SEL0014,2026-02-16,1,0,0.0,,,64.625,24968.0,9871.0,47.0,0.0,0.0,UK,Pet Supplies,Gold
SEL0014,2026-03-02,2,2,1.0,,,68.46000000000001,33550.0,14695.0,58.0,2.0,1.0,UK,Pet Supplies,Gold
SEL0014,2026-03-09,3,0,0.0,5.0,2.0,69.74,35940.0,15717.0,58.0,0.0,0.0,UK,Pet Supplies,Gold
SEL0014,2026-03-16,1,1,1.0,,,67.12,34816.0,15169.0,64.0,0.0,0.0,UK,Pet Supplies,Gold
SEL0014,2026-03-23,3,0,0.0,3.5,2.0,69.44,34990.0,15942.0,60.0,0.0,0.0,UK,Pet Supplies,Gold
SEL0014,2026-03-30,1,0,0.0,4.0,1.0,68.22,33896.0,17438.0,59.0,0.0,0.0,UK,Pet Supplies,Gold
SEL0014,2026-04-06,1,0,0.0,,1.0,68.11999999999999,36863.0,16945.0,51.0,0.0,0.0,UK,Pet Supplies,Gold
SEL0014,2026-04-13,2,0,0.0,5.0,1.0,69.36,33311.0,14746.0,66.0,0.0,0.0,UK,Pet Supplies,Gold
SEL0014,2026-05-04,1,0,0.0,4.0,1.0,68.16,33237.0,14103.0,65.0,0.0,0.0,UK,Pet Supplies,Gold
SEL0014,2026-05-11,2,0,0.0,5.0,1.0,68.26,32175.0,12511.0,66.0,0.0,0.0,UK,Pet Supplies,Gold
SEL0014,2026-05-25,2,0,0.0,2.0,2.0,69.7,33128.0,14556.0,65.0,0.0,0.0,UK,Pet Supplies,Gold
SEL0014,2026-06-08,1,0,0.0,,,70.28,35662.0,16607.0,60.0,0.0,0.0,UK,Pet Supplies,Gold
SEL0014,2026-06-15,4,0,0.0,3.0,3.0,73.96000000000001,34143.0,15461.0,74.0,0.0,0.0,UK,Pet Supplies,Gold
SEL0014,2026-06-22,2,0,0.0,4.0,1.0,60.42,31353.0,13212.0,52.0,0.0,0.0,UK,Pet Supplies,Gold
SEL0015,2025-01-27,1,0,0.0,,,78.6,8070.0,2893.0,13.0,0.0,0.0,UK,Home & Living,Silver
SEL0015,2025-02-17,1,0,0.0,,,80.1,7412.0,3189.0,17.0,0.0,0.0,UK,Home & Living,Silver
SEL0015,2025-05-26,1,0,0.0,,,56.4,5996.0,2154.0,10.0,0.0,0.0,UK,Home & Living,Silver
SEL0015,2025-08-18,2,2,1.0,,,22.5,2980.0,1317.0,1.0,2.0,1.0,UK,Home & Living,Silver
SEL0015,2025-09-08,1,1,1.0,,,27.4,7262.0,3700.0,5.0,0.0,0.0,UK,Home & Living,Silver
SEL0015,2025-09-15,1,1,1.0,,,21.8,5902.0,2991.0,4.0,1.0,1.0,UK,Home & Living,Silver
SEL0015,2025-10-13,2,1,0.5,5.0,1.0,15.25,4226.0,1777.0,2.0,1.0,0.5,UK,Home & Living,Silver
SEL0015,2025-10-20,1,1,1.0,2.0,1.0,17.25,4239.0,2029.0,3.0,1.0,1.0,UK,Home & Living,Silver
SEL0015,2025-11-03,1,1,1.0,,,15.700000000000001,5878.0,2878.0,5.0,0.0,0.0,UK,Home & Living,Silver
SEL0015,2026-01-26,1,0,0.0,,,21.16,12366.0,5393.0,12.0,0.0,0.0,UK,Home & Living,Silver
SEL0015,2026-02-02,2,1,0.5,5.0,1.0,20.5,12776.0,5574.0,11.0,1.0,0.5,UK,Home & Living,Silver
SEL0015,2026-02-09,1,0,0.0,,,19.04,11435.0,5072.0,10.0,0.0,0.0,UK,Home & Living,Silver
SEL0015,2026-02-16,1,1,1.0,,,15.459999999999999,9971.0,3827.0,7.0,1.0,1.0,UK,Home & Living,Silver
SEL0015,2026-02-23,3,2,0.6666666666666666,2.5,2.0,13.76,9513.0,4644.0,5.0,0.0,0.0,UK,Home & Living,Silver
SEL0015,2026-03-02,1,0,0.0,,,14.219999999999999,9335.0,4238.0,5.0,0.0,0.0,UK,Home & Living,Silver
SEL0015,2026-03-09,1,1,1.0,2.0,1.0,19.816666666666666,15005.0,6842.0,12.0,0.0,0.0,UK,Home & Living,Silver
SEL0015,2026-03-16,1,1,1.0,,,18.966666666666665,14272.0,6062.0,11.0,0.0,0.0,UK,Home & Living,Silver
SEL0015,2026-03-23,2,2,1.0,1.0,1.0,17.583333333333332,13674.0,6447.0,8.0,1.0,0.5,UK,Home & Living,Silver
SEL0015,2026-04-06,3,3,1.0,2.5,2.0,17.0,12353.0,5822.0,10.0,2.0,0.6666666666666666,UK,Home & Living,Silver
SEL0015,2026-05-04,5,3,0.6,,,11.549999999999999,9915.0,4763.0,3.0,2.0,0.4,UK,Home & Living,Silver
SEL0015,2026-05-11,2,1,0.5,2.0,1.0,11.083333333333334,9159.0,4310.0,4.0,0.0,0.0,UK,Home & Living,Silver
SEL0015,2026-05-25,1,1,1.0,,,9.983333333333333,8436.0,3696.0,2.0,0.0,0.0,UK,Home & Living,Silver
SEL0015,2026-06-01,1,0,0.0,,,8.483333333333334,7413.0,3219.0,1.0,0.0,0.0,UK,Home & Living,Silver
SEL0015,2026-06-15,1,1,1.0,1.0,1.0,7.333333333333333,6621.0,3443.0,1.0,1.0,1.0,UK,Home & Living,Silver
SEL0015,2026-06-22,1,1,1.0,1.0,1.0,7.933333333333334,6893.0,3280.0,1.0,0.0,0.0,UK,Home & Living,Silver
SEL0016,2025-06-16,1,0,0.0,,,36.6,7236.0,3213.0,14.0,0.0,0.0,Spain,Pet Supplies,Gold
SEL0016,2025-08-18,1,1,1.0,,,29.25,6057.0,2156.0,8.0,1.0,1.0,Spain,Pet Supplies,Gold
SEL0016,2025-09-08,1,1,1.0,,,31.366666666666664,10056.0,4495.0,14.0,2.0,2.0,Spain,Pet Supplies,Gold
SEL0016,2025-10-06,1,1,1.0,1.0,1.0,23.233333333333334,8902.0,4093.0,6.0,0.0,0.0,Spain,Pet Supplies,Gold
SEL0016,2025-10-20,1,1,1.0,2.0,1.0,20.1,10397.0,5237.0,7.0,1.0,1.0,Spain,Pet Supplies,Gold
SEL0016,2025-11-03,1,0,0.0,,,18.45,9085.0,4267.0,8.0,0.0,0.0,Spain,Pet Supplies,Gold
SEL0016,2025-11-17,2,1,0.5,5.0,1.0,14.049999999999999,7704.0,3521.0,3.0,1.0,0.5,Spain,Pet Supplies,Gold
SEL0016,2025-12-08,3,1,0.3333333333333333,4.0,1.0,21.18,12312.0,5663.0,15.0,1.0,0.3333333333333333,Spain,Pet Supplies,Gold
SEL0016,2025-12-29,2,0,0.0,4.0,1.0,15.84,10446.0,5109.0,6.0,0.0,0.0,Spain,Pet Supplies,Gold
SEL0016,2026-02-09,1,1,1.0,,,9.78,6609.0,2971.0,3.0,0.0,0.0,Spain,Pet Supplies,Gold
SEL0016,2026-02-16,1,1,1.0,,,9.879999999999999,6846.0,3041.0,2.0,1.0,1.0,Spain,Pet Supplies,Gold
SEL0016,2026-02-23,1,1,1.0,,,8.28,5831.0,2662.0,2.0,1.0,1.0,Spain,Pet Supplies,Gold
SEL0016,2026-03-02,1,1,1.0,,,9.459999999999999,6490.0,2656.0,2.0,0.0,0.0,Spain,Pet Supplies,Gold
SEL0016,2026-03-16,1,1,1.0,1.0,1.0,7.4799999999999995,5556.0,2481.0,1.0,0.0,0.0,Spain,Pet Supplies,Gold
SEL0016,2026-04-06,1,0,0.0,5.0,1.0,7.12,5230.0,2220.0,1.0,0.0,0.0,Spain,Pet Supplies,Gold
SEL0016,2026-04-20,1,0,0.0,,,5.680000000000001,4445.0,2051.0,0.0,0.0,0.0,Spain,Pet Supplies,Gold
SEL0016,2026-04-27,1,1,1.0,,,6.1,4756.0,1926.0,0.0,0.0,0.0,Spain,Pet Supplies,Gold
SEL0016,2026-05-04,1,0,0.0,,,6.4799999999999995,5057.0,2401.0,0.0,0.0,0.0,Spain,Pet Supplies,Gold
SEL0016,2026-06-08,2,1,0.5,3.5,2.0,5.2,3970.0,1741.0,0.0,1.0,0.5,Spain,Pet Supplies,Gold
SEL0016,2026-06-22,1,0,0.0,3.0,1.0,5.4,4115.0,1874.0,0.0,0.0,0.0,Spain,Pet Supplies,Gold
SEL0017,2025-05-19,1,1,1.0,,,44.73333333333333,14620.0,6420.0,20.0,0.0,0.0,France,Toys & Games,Silver
SEL0017,2025-06-09,1,1,1.0,1.0,1.0,47.1,14373.0,7504.0,29.0,1.0,1.0,France,Toys & Games,Silver
SEL0017,2025-07-21,1,1,1.0,,,56.0,16402.0,7212.0,29.0,0.0,0.0,France,Toys & Games,Silver
SEL0017,2025-09-15,2,1,0.5,3.0,1.0,51.675,19960.0,8020.0,39.0,0.0,0.0,France,Toys & Games,Silver
SEL0017,2025-09-29,1,0,0.0,,1.0,55.324999999999996,21336.0,10439.0,40.0,0.0,0.0,France,Toys & Games,Silver
SEL0017,2025-10-20,1,0,0.0,5.0,1.0,54.675,22459.0,10133.0,35.0,0.0,0.0,France,Toys & Games,Silver
SEL0017,2025-11-03,1,1,1.0,,,58.55,23977.0,10402.0,40.0,0.0,0.0,France,Toys & Games,Silver
SEL0017,2025-11-10,3,0,0.0,4.0,1.0,56.425,21576.0,9650.0,41.0,0.0,0.0,France,Toys & Games,Silver
SEL0017,2025-11-17,2,1,0.5,4.0,1.0,53.125,21083.0,10605.0,36.0,0.0,0.0,France,Toys & Games,Silver
SEL0017,2025-12-15,1,1,1.0,1.0,1.0,55.625,22736.0,9134.0,39.0,1.0,1.0,France,Toys & Games,Silver
SEL0017,2026-01-26,1,0,0.0,,,44.88,22693.0,9946.0,40.0,0.0,0.0,France,Toys & Games,Silver
SEL0017,2026-02-09,3,1,0.3333333333333333,4.333333333333333,3.0,36.94,20772.0,9699.0,28.0,1.0,0.3333333333333333,France,Toys & Games,Silver
SEL0017,2026-02-16,2,1,0.5,,,31.560000000000002,18709.0,7394.0,18.0,1.0,0.5,France,Toys & Games,Silver
SEL0017,2026-02-23,1,1,1.0,2.0,1.0,30.28,17668.0,8128.0,20.0,1.0,1.0,France,Toys & Games,Silver
SEL0017,2026-03-09,2,0,0.0,4.0,1.0,23.5,14352.0,6797.0,13.0,0.0,0.0,France,Toys & Games,Silver
SEL0017,2026-03-16,1,0,0.0,,1.0,20.34,12848.0,5160.0,9.0,0.0,0.0,France,Toys & Games,Silver
SEL0017,2026-04-13,2,0,0.0,2.5,2.0,15.680000000000001,10510.0,4335.0,5.0,0.0,0.0,France,Toys & Games,Silver
SEL0017,2026-05-04,1,0,0.0,2.0,1.0,9.459999999999999,7345.0,3613.0,0.0,0.0,0.0,France,Toys & Games,Silver
SEL0017,2026-05-11,2,2,1.0,2.0,1.0,9.040000000000001,7042.0,3077.0,0.0,2.0,1.0,France,Toys & Games,Silver
SEL0017,2026-05-18,1,1,1.0,5.0,1.0,9.52,6925.0,3354.0,1.0,0.0,0.0,France,Toys & Games,Silver
SEL0017,2026-05-25,3,1,0.3333333333333333,4.0,3.0,11.366666666666667,9044.0,3977.0,4.0,0.0,0.0,France,Toys & Games,Silver
SEL0017,2026-06-01,1,0,0.0,1.0,1.0,10.566666666666666,8204.0,3645.0,5.0,0.0,0.0,France,Toys & Games,Silver
SEL0017,2026-06-08,1,1,1.0,,,9.633333333333333,8092.0,3576.0,3.0,1.0,1.0,France,Toys & Games,Silver
SEL0017,2026-06-15,5,2,0.4,2.6666666666666665,3.0,8.666666666666666,7306.0,3340.0,3.0,0.0,0.0,France,Toys & Games,Silver
SEL0017,2026-06-22,1,1,1.0,,,7.966666666666666,6731.0,3148.0,2.0,0.0,0.0,France,Toys & Games,Silver
SEL0017,2026-06-29,1,0,0.0,,,6.050000000000001,1754.0,730.0,0.0,0.0,0.0,France,Toys & Games,Silver
SEL0018,2025-05-05,1,0,0.0,,,40.8,3631.0,1411.0,8.0,0.0,0.0,Germany,Electronics,Silver
SEL0018,2025-05-12,1,0,0.0,4.0,1.0,39.6,3778.0,1638.0,8.0,0.0,0.0,Germany,Electronics,Silver
SEL0018,2025-06-16,1,0,0.0,5.0,1.0,45.9,4330.0,1593.0,8.0,0.0,0.0,Germany,Electronics,Silver
SEL0018,2025-08-18,1,0,0.0,4.0,1.0,59.166666666666664,18044.0,8533.0,37.0,0.0,0.0,Germany,Electronics,Silver
SEL0018,2025-09-08,1,0,0.0,4.0,2.0,59.13333333333333,18569.0,8706.0,30.0,0.0,0.0,Germany,Electronics,Silver
SEL0018,2025-09-29,1,0,0.0,5.0,1.0,59.26666666666667,18450.0,8175.0,31.0,0.0,0.0,Germany,Electronics,Silver
SEL0018,2025-10-06,1,0,0.0,5.0,1.0,57.03333333333333,18704.0,7812.0,28.0,0.0,0.0,Germany,Electronics,Silver
SEL0018,2025-10-13,1,0,0.0,4.0,1.0,67.23333333333333,17907.0,8592.0,38.0,0.0,0.0,Germany,Electronics,Silver
SEL0018,2025-12-08,1,0,0.0,5.0,1.0,62.56,33062.0,14232.0,52.0,0.0,0.0,Germany,Electronics,Silver
SEL0018,2025-12-15,1,0,0.0,1.0,1.0,60.779999999999994,31547.0,15264.0,57.0,0.0,0.0,Germany,Electronics,Silver
SEL0018,2025-12-29,1,0,0.0,5.0,1.0,66.97999999999999,32990.0,13884.0,66.0,0.0,0.0,Germany,Electronics,Silver
SEL0018,2026-01-05,1,1,1.0,2.0,1.0,65.17999999999999,33285.0,14888.0,51.0,1.0,1.0,Germany,Electronics,Silver
SEL0018,2026-01-19,2,1,0.5,5.0,1.0,65.32000000000001,33084.0,14874.0,55.0,0.0,0.0,Germany,Electronics,Silver
SEL0018,2026-01-26,3,1,0.3333333333333333,4.0,1.0,71.44,33625.0,15286.0,70.0,0.0,0.0,Germany,Electronics,Silver
SEL0018,2026-03-02,1,0,0.0,4.0,1.0,61.04,32102.0,14975.0,54.0,0.0,0.0,Germany,Electronics,Silver
SEL0018,2026-04-06,1,0,0.0,5.0,1.0,70.2,33654.0,14761.0,71.0,0.0,0.0,Germany,Electronics,Silver
SEL0018,2026-04-13,1,0,0.0,2.0,1.0,62.44,32432.0,12389.0,56.0,0.0,0.0,Germany,Electronics,Silver
SEL0018,2026-04-27,1,0,0.0,,,62.2,31663.0,12680.0,56.0,0.0,0.0,Germany,Electronics,Silver
SEL0018,2026-05-18,2,1,0.5,,,66.78,32722.0,14698.0,57.0,1.0,0.5,Germany,Electronics,Silver
SEL0018,2026-05-25,1,0,0.0,2.0,1.0,59.08,30836.0,12193.0,48.0,0.0,0.0,Germany,Electronics,Silver
SEL0018,2026-06-08,1,0,0.0,,,59.44,31187.0,13822.0,50.0,0.0,0.0,Germany,Electronics,Silver
SEL0018,2026-06-22,1,0,0.0,4.0,1.0,60.52,30338.0,13875.0,52.0,0.0,0.0,Germany,Electronics,Silver
SEL0019,2026-05-04,1,0,0.0,5.0,1.0,47.8,5179.0,2187.0,8.0,0.0,0.0,France,Home & Living,Bronze
SEL0019,2026-05-18,1,0,0.0,4.0,1.0,54.5,10791.0,4521.0,19.0,0.0,0.0,France,Home & Living,Bronze
SEL0019,2026-05-25,2,0,0.0,5.0,1.0,60.25,11595.0,5653.0,21.0,0.0,0.0,France,Home & Living,Bronze
SEL0019,2026-06-08,2,1,0.5,5.0,1.0,59.4,12223.0,4375.0,19.0,1.0,0.5,France,Home & Living,Bronze
SEL0019,2026-06-15,1,1,1.0,1.0,1.0,62.8,12880.0,5524.0,22.0,0.0,0.0,France,Home & Living,Bronze
SEL0019,2026-06-22,2,0,0.0,5.0,1.0,61.1,13066.0,5118.0,20.0,0.0,0.0,France,Home & Living,Bronze
SEL0020,2025-10-27,1,0,0.0,4.0,1.0,31.1,3570.0,1586.0,4.0,0.0,0.0,UK,Fashion,Platinum
SEL0020,2025-11-03,1,0,0.0,5.0,1.0,46.4,4475.0,1963.0,9.0,0.0,0.0,UK,Fashion,Platinum
SEL0020,2025-11-17,1,0,0.0,,,35.1,3561.0,1542.0,6.0,0.0,0.0,UK,Fashion,Platinum
SEL0020,2026-01-05,1,0,0.0,3.0,1.0,60.400000000000006,11930.0,6378.0,20.0,0.0,0.0,UK,Fashion,Platinum
SEL0020,2026-02-09,1,0,0.0,,,55.3,10550.0,4416.0,20.0,0.0,0.0,UK,Fashion,Platinum
SEL0020,2026-02-23,1,0,0.0,,,68.0,12368.0,5803.0,25.0,0.0,0.0,UK,Fashion,Platinum
SEL0020,2026-03-30,1,1,1.0,,,56.55,11177.0,5373.0,19.0,0.0,0.0,UK,Fashion,Platinum
SEL0020,2026-04-06,1,0,0.0,5.0,1.0,48.3,10511.0,4768.0,18.0,0.0,0.0,UK,Fashion,Platinum
SEL0020,2026-04-27,1,0,0.0,5.0,1.0,49.900000000000006,9895.0,4053.0,19.0,0.0,0.0,UK,Fashion,Platinum
SEL0020,2026-05-25,1,0,0.0,5.0,1.0,60.900000000000006,11840.0,5213.0,25.0,0.0,0.0,UK,Fashion,Platinum
SEL0020,2026-06-08,1,0,0.0,,1.0,53.8,10999.0,4619.0,16.0,0.0,0.0,UK,Fashion,Platinum
SEL0020,2026-06-15,2,0,0.0,4.5,2.0,51.95,11459.0,5356.0,15.0,0.0,0.0,UK,Fashion,Platinum
SEL0021,2025-06-09,1,0,0.0,3.0,1.0,40.35,8268.0,3814.0,13.0,0.0,0.0,Germany,Fashion,Silver
SEL0021,2025-06-30,1,0,0.0,3.0,1.0,49.333333333333336,15456.0,6970.0,24.0,0.0,0.0,Germany,Fashion,Silver
SEL0021,2025-07-21,1,0,0.0,5.0,1.0,49.0,16450.0,6121.0,20.0,0.0,0.0,Germany,Fashion,Silver
SEL0021,2025-08-11,1,0,0.0,5.0,1.0,56.96666666666667,16745.0,7542.0,33.0,0.0,0.0,Germany,Fashion,Silver
SEL0021,2025-08-25,1,0,0.0,4.0,1.0,47.6,14578.0,5772.0,24.0,0.0,0.0,Germany,Fashion,Silver
SEL0021,2025-09-15,1,0,0.0,3.0,1.0,53.6,15510.0,6930.0,30.0,0.0,0.0,Germany,Fashion,Silver
SEL0021,2025-10-13,1,0,0.0,5.0,1.0,48.699999999999996,13971.0,6812.0,27.0,0.0,0.0,Germany,Fashion,Silver
SEL0021,2025-11-10,1,0,0.0,,,48.86666666666667,15368.0,6721.0,24.0,0.0,0.0,Germany,Fashion,Silver
SEL0021,2025-11-24,1,0,0.0,5.0,1.0,55.26666666666667,16131.0,6768.0,29.0,0.0,0.0,Germany,Fashion,Silver
SEL0021,2025-12-01,1,0,0.0,4.0,1.0,54.03333333333334,16160.0,8052.0,26.0,0.0,0.0,Germany,Fashion,Silver
SEL0021,2026-01-05,1,1,1.0,1.0,1.0,33.9,11751.0,5048.0,13.0,1.0,1.0,Germany,Fashion,Silver
SEL0021,2026-01-19,1,1,1.0,,,28.7,10061.0,4293.0,10.0,0.0,0.0,Germany,Fashion,Silver
SEL0021,2026-01-26,2,1,0.5,3.0,2.0,28.333333333333332,9571.0,3953.0,11.0,1.0,0.5,Germany,Fashion,Silver
SEL0021,2026-02-16,1,1,1.0,1.0,1.0,21.3,8118.0,3902.0,7.0,1.0,1.0,Germany,Fashion,Silver
SEL0021,2026-03-02,1,1,1.0,,,15.933333333333332,6383.0,3400.0,4.0,1.0,1.0,Germany,Fashion,Silver
SEL0021,2026-03-09,1,0,0.0,,,16.0,6570.0,2991.0,3.0,0.0,0.0,Germany,Fashion,Silver
SEL0021,2026-04-20,2,1,0.5,,,10.5,4318.0,1941.0,1.0,1.0,0.5,Germany,Fashion,Silver
SEL0021,2026-05-25,1,0,0.0,,,7.033333333333334,3196.0,1450.0,0.0,0.0,0.0,Germany,Fashion,Silver
SEL0021,2026-06-01,1,1,1.0,,,6.366666666666667,2983.0,1275.0,0.0,1.0,1.0,Germany,Fashion,Silver
SEL0022,2025-04-14,2,0,0.0,,1.0,39.5,4349.0,1575.0,7.0,0.0,0.0,Germany,Sports & Outdoors,Silver
SEL0022,2025-04-28,1,0,0.0,,,44.2,4587.0,1816.0,9.0,0.0,0.0,Germany,Sports & Outdoors,Silver
SEL0022,2025-05-05,1,0,0.0,4.0,1.0,42.9,3869.0,1600.0,9.0,0.0,0.0,Germany,Sports & Outdoors,Silver
SEL0022,2025-06-23,1,0,0.0,5.0,1.0,54.900000000000006,12396.0,5038.0,16.0,0.0,0.0,Germany,Sports & Outdoors,Silver
SEL0022,2025-06-30,1,0,0.0,,,55.55,11668.0,5117.0,19.0,0.0,0.0,Germany,Sports & Outdoors,Silver
SEL0022,2025-08-11,1,0,0.0,,,46.65,10223.0,4193.0,15.0,0.0,0.0,Germany,Sports & Outdoors,Silver
SEL0022,2025-08-25,1,0,0.0,4.0,1.0,50.3,11832.0,5647.0,15.0,0.0,0.0,Germany,Sports & Outdoors,Silver
SEL0022,2025-10-13,1,0,0.0,1.0,1.0,55.599999999999994,11946.0,5184.0,18.0,1.0,1.0,Germany,Sports & Outdoors,Silver
SEL0022,2025-10-20,1,0,0.0,5.0,1.0,59.2,11249.0,5015.0,21.0,0.0,0.0,Germany,Sports & Outdoors,Silver
SEL0022,2025-11-17,1,0,0.0,5.0,1.0,52.75,11270.0,5365.0,17.0,0.0,0.0,Germany,Sports & Outdoors,Silver
SEL0022,2025-12-01,2,0,0.0,5.0,1.0,58.6,11808.0,5511.0,23.0,0.0,0.0,Germany,Sports & Outdoors,Silver
SEL0022,2025-12-22,1,0,0.0,4.0,1.0,58.150000000000006,11533.0,5586.0,24.0,0.0,0.0,Germany,Sports & Outdoors,Silver
SEL0022,2026-01-05,1,1,1.0,,,55.0,10474.0,4711.0,21.0,0.0,0.0,Germany,Sports & Outdoors,Silver
SEL0022,2026-01-12,2,0,0.0,4.0,1.0,54.46666666666667,15907.0,7426.0,31.0,0.0,0.0,Germany,Sports & Outdoors,Silver
SEL0022,2026-01-26,2,0,0.0,5.0,1.0,60.875,24832.0,10078.0,40.0,0.0,0.0,Germany,Sports & Outdoors,Silver
SEL0022,2026-02-02,1,0,0.0,,,56.675,23451.0,11417.0,40.0,0.0,0.0,Germany,Sports & Outdoors,Silver
SEL0022,2026-02-09,2,0,0.0,4.0,2.0,61.875,24239.0,10955.0,44.0,0.0,0.0,Germany,Sports & Outdoors,Silver
SEL0022,2026-02-23,1,0,0.0,5.0,1.0,56.375,23077.0,10667.0,39.0,0.0,0.0,Germany,Sports & Outdoors,Silver
SEL0022,2026-03-02,1,0,0.0,5.0,1.0,58.475,23690.0,12299.0,42.0,0.0,0.0,Germany,Sports & Outdoors,Silver
SEL0022,2026-03-23,1,0,0.0,5.0,1.0,59.55,24606.0,11021.0,43.0,0.0,0.0,Germany,Sports & Outdoors,Silver
SEL0022,2026-03-30,3,0,0.0,1.0,1.0,60.349999999999994,23702.0,11184.0,41.0,0.0,0.0,Germany,Sports & Outdoors,Silver
SEL0022,2026-04-06,1,0,0.0,3.0,1.0,58.05,24477.0,10349.0,35.0,0.0,0.0,Germany,Sports & Outdoors,Silver
SEL0022,2026-05-11,1,1,1.0,,,62.3,23565.0,9758.0,47.0,0.0,0.0,Germany,Sports & Outdoors,Silver
SEL0022,2026-05-18,2,1,0.5,,,58.775,24738.0,11850.0,39.0,1.0,0.5,Germany,Sports & Outdoors,Silver
SEL0022,2026-05-25,1,0,0.0,4.0,1.0,55.35,22558.0,10569.0,37.0,0.0,0.0,Germany,Sports & Outdoors,Silver
SEL0022,2026-06-01,1,0,0.0,,,64.1,24710.0,11614.0,48.0,0.0,0.0,Germany,Sports & Outdoors,Silver
SEL0022,2026-06-15,2,0,0.0,4.0,2.0,65.5,25817.0,12360.0,43.0,0.0,0.0,Germany,Sports & Outdoors,Silver
SEL0023,2025-07-28,1,0,0.0,,,51.7,5355.0,2434.0,7.0,0.0,0.0,UK,Fashion,Bronze
SEL0023,2025-08-11,1,0,0.0,,,56.15,11650.0,5068.0,22.0,0.0,0.0,UK,Fashion,Bronze
SEL0023,2025-09-15,1,0,0.0,,,60.1,11957.0,4409.0,22.0,0.0,0.0,UK,Fashion,Bronze
SEL0023,2025-10-06,1,1,1.0,,,39.833333333333336,12909.0,6277.0,19.0,0.0,0.0,UK,Fashion,Bronze
SEL0023,2025-10-27,1,0,0.0,5.0,1.0,58.5,23485.0,10076.0,42.0,0.0,0.0,UK,Fashion,Bronze
SEL0023,2025-11-03,2,0,0.0,2.0,2.0,54.04,27282.0,13330.0,49.0,0.0,0.0,UK,Fashion,Bronze
SEL0023,2025-11-10,1,0,0.0,3.0,1.0,53.839999999999996,26308.0,12150.0,48.0,0.0,0.0,UK,Fashion,Bronze
SEL0023,2025-11-17,2,0,0.0,4.0,1.0,57.8,28687.0,13113.0,55.0,0.0,0.0,UK,Fashion,Bronze
SEL0023,2025-12-15,2,0,0.0,4.0,1.0,54.120000000000005,28433.0,12692.0,49.0,0.0,0.0,UK,Fashion,Bronze
SEL0023,2026-01-05,1,0,0.0,5.0,1.0,53.9,26195.0,12170.0,52.0,0.0,0.0,UK,Fashion,Bronze
SEL0023,2026-01-19,2,1,0.5,3.5,2.0,57.52,28464.0,12053.0,52.0,1.0,0.5,UK,Fashion,Bronze
SEL0023,2026-01-26,3,2,0.6666666666666666,3.5,2.0,50.28,25851.0,10696.0,43.0,1.0,0.3333333333333333,UK,Fashion,Bronze
SEL0023,2026-02-02,2,0,0.0,,,57.46666666666667,35664.0,15285.0,56.0,1.0,0.5,UK,Fashion,Bronze
SEL0023,2026-02-09,3,0,0.0,3.5,2.0,53.15,35117.0,16500.0,51.0,0.0,0.0,UK,Fashion,Bronze
SEL0023,2026-02-16,1,0,0.0,,,60.06666666666666,35619.0,16325.0,67.0,0.0,0.0,UK,Fashion,Bronze
SEL0023,2026-02-23,1,0,0.0,2.0,1.0,55.416666666666664,35820.0,17122.0,52.0,0.0,0.0,UK,Fashion,Bronze
SEL0023,2026-03-02,1,0,0.0,5.0,1.0,56.416666666666664,35468.0,16471.0,57.0,0.0,0.0,UK,Fashion,Bronze
SEL0023,2026-03-09,1,0,0.0,,,57.78333333333333,35628.0,16582.0,60.0,0.0,0.0,UK,Fashion,Bronze
SEL0023,2026-03-16,2,0,0.0,4.0,1.0,62.300000000000004,36734.0,17116.0,74.0,0.0,0.0,UK,Fashion,Bronze
SEL0023,2026-03-23,2,0,0.0,,,58.5,33240.0,15828.0,67.0,0.0,0.0,UK,Fashion,Bronze
SEL0023,2026-03-30,1,1,1.0,2.0,1.0,59.73333333333333,37973.0,17889.0,64.0,1.0,1.0,UK,Fashion,Bronze
SEL0023,2026-04-13,1,0,0.0,,,57.1,33889.0,14728.0,64.0,0.0,0.0,UK,Fashion,Bronze
SEL0023,2026-04-20,3,1,0.3333333333333333,5.0,1.0,53.81666666666666,33782.0,14705.0,58.0,0.0,0.0,UK,Fashion,Bronze
SEL0023,2026-04-27,3,0,0.0,,,56.46666666666667,36035.0,17331.0,55.0,0.0,0.0,UK,Fashion,Bronze
SEL0023,2026-05-04,1,0,0.0,5.0,1.0,60.166666666666664,36203.0,17096.0,60.0,0.0,0.0,UK,Fashion,Bronze
SEL0023,2026-05-18,3,0,0.0,3.0,2.0,56.73333333333333,35616.0,14462.0,62.0,0.0,0.0,UK,Fashion,Bronze
SEL0023,2026-05-25,3,0,0.0,3.6666666666666665,3.0,59.15,34254.0,14393.0,69.0,0.0,0.0,UK,Fashion,Bronze
SEL0023,2026-06-15,3,2,0.6666666666666666,2.0,3.0,57.166666666666664,35272.0,16331.0,60.0,0.0,0.0,UK,Fashion,Bronze
SEL0023,2026-06-22,1,0,0.0,1.0,1.0,56.93333333333334,35338.0,17475.0,55.0,1.0,1.0,UK,Fashion,Bronze
SEL0024,2025-03-31,1,0,0.0,3.0,1.0,54.25,9619.0,4183.0,21.0,0.0,0.0,UK,Fashion,Gold
SEL0024,2025-04-28,1,0,0.0,5.0,1.0,53.4,10517.0,4706.0,22.0,0.0,0.0,UK,Fashion,Gold
SEL0024,2025-05-19,1,0,0.0,,,55.06666666666667,18468.0,8139.0,22.0,0.0,0.0,UK,Fashion,Gold
SEL0024,2025-06-30,1,0,0.0,,,70.66666666666667,20745.0,9515.0,44.0,0.0,0.0,UK,Fashion,Gold
SEL0024,2025-07-07,1,0,0.0,,,56.666666666666664,17965.0,7612.0,32.0,1.0,1.0,UK,Fashion,Gold
SEL0024,2025-07-21,1,0,0.0,5.0,1.0,62.93333333333333,18138.0,7446.0,38.0,0.0,0.0,UK,Fashion,Gold
SEL0024,2025-08-04,1,0,0.0,4.0,1.0,64.53333333333333,18182.0,6952.0,35.0,0.0,0.0,UK,Fashion,Gold
SEL0024,2025-08-11,1,0,0.0,5.0,1.0,58.3,23231.0,10538.0,44.0,0.0,0.0,UK,Fashion,Gold
SEL0024,2025-09-01,2,1,0.5,,,62.050000000000004,24172.0,10316.0,41.0,0.0,0.0,UK,Fashion,Gold
SEL0024,2025-09-22,1,0,0.0,5.0,1.0,43.1,18266.0,8921.0,24.0,0.0,0.0,UK,Fashion,Gold
SEL0024,2025-10-13,1,1,1.0,,,33.275,15111.0,7023.0,15.0,0.0,0.0,UK,Fashion,Gold
SEL0024,2025-10-20,2,1,0.5,4.0,1.0,31.0,15091.0,6490.0,14.0,1.0,0.5,UK,Fashion,Gold
SEL0024,2025-11-03,1,0,0.0,5.0,1.0,32.64,18517.0,7439.0,23.0,0.0,0.0,UK,Fashion,Gold
SEL0024,2025-11-17,2,1,0.5,5.0,1.0,26.4,16516.0,6891.0,15.0,0.0,0.0,UK,Fashion,Gold
SEL0024,2025-11-24,1,0,0.0,,,24.240000000000002,14987.0,6740.0,12.0,0.0,0.0,UK,Fashion,Gold
SEL0024,2025-12-15,3,3,1.0,2.0,3.0,17.5,11522.0,4735.0,6.0,0.0,0.0,UK,Fashion,Gold
SEL0024,2026-01-12,1,1,1.0,,,11.68,8478.0,3524.0,2.0,0.0,0.0,UK,Fashion,Gold
SEL0024,2026-02-02,2,0,0.0,4.5,2.0,9.48,6916.0,2970.0,1.0,0.0,0.0,UK,Fashion,Gold
SEL0024,2026-02-16,1,1,1.0,,,8.12,5860.0,2736.0,1.0,1.0,1.0,UK,Fashion,Gold
SEL0024,2026-02-23,1,0,0.0,4.0,1.0,7.2,5475.0,2194.0,0.0,0.0,0.0,UK,Fashion,Gold
SEL0024,2026-03-09,1,1,1.0,4.0,1.0,6.720000000000001,5331.0,2320.0,0.0,0.0,0.0,UK,Fashion,Gold
SEL0024,2026-03-30,1,1,1.0,1.0,1.0,6.76,5197.0,2208.0,0.0,0.0,0.0,UK,Fashion,Gold
SEL0024,2026-04-13,1,1,1.0,,1.0,8.133333333333333,6551.0,3016.0,3.0,0.0,0.0,UK,Fashion,Gold
SEL0024,2026-04-20,1,1,1.0,2.0,1.0,7.8500000000000005,6701.0,3136.0,2.0,1.0,1.0,UK,Fashion,Gold
SEL0024,2026-04-27,2,0,0.0,,1.0,7.3,6175.0,2678.0,2.0,0.0,0.0,UK,Fashion,Gold
SEL0024,2026-05-11,1,1,1.0,,1.0,6.916666666666667,5954.0,2287.0,1.0,1.0,1.0,UK,Fashion,Gold
SEL0024,2026-05-18,1,0,0.0,,,6.5,5805.0,2599.0,1.0,0.0,0.0,UK,Fashion,Gold
SEL0024,2026-05-25,3,3,1.0,3.0,1.0,6.833333333333333,6016.0,2740.0,1.0,2.0,0.6666666666666666,UK,Fashion,Gold
SEL0024,2026-06-01,2,2,1.0,1.0,1.0,6.183333333333334,5365.0,2286.0,1.0,0.0,0.0,UK,Fashion,Gold
SEL0024,2026-06-08,1,1,1.0,,,6.8999999999999995,6139.0,2519.0,1.0,0.0,0.0,UK,Fashion,Gold
SEL0024,2026-06-15,1,0,0.0,,,5.833333333333333,5497.0,2530.0,0.0,0.0,0.0,UK,Fashion,Gold
SEL0024,2026-06-29,1,0,0.0,,,,,,,0.0,0.0,UK,Fashion,Gold
SEL0025,2025-06-16,1,0,0.0,,,50.2,5620.0,2279.0,8.0,0.0,0.0,Italy,Fashion,Bronze
SEL0025,2025-09-15,1,0,0.0,5.0,1.0,56.8,6858.0,2995.0,8.0,0.0,0.0,Italy,Fashion,Bronze
SEL0025,2025-09-22,1,1,1.0,,,56.4,10771.0,5345.0,20.0,1.0,1.0,Italy,Fashion,Bronze
SEL0025,2025-11-10,1,0,0.0,,,41.4,13113.0,5611.0,20.0,0.0,0.0,Italy,Fashion,Bronze
SEL0025,2025-11-17,1,0,0.0,,,47.13333333333333,14116.0,6007.0,26.0,0.0,0.0,Italy,Fashion,Bronze
SEL0025,2025-12-01,1,0,0.0,4.0,1.0,38.199999999999996,13346.0,6014.0,16.0,0.0,0.0,Italy,Fashion,Bronze
SEL0025,2025-12-08,2,0,0.0,4.5,2.0,48.5,14393.0,7718.0,26.0,0.0,0.0,Italy,Fashion,Bronze
SEL0025,2025-12-22,1,0,0.0,5.0,1.0,49.06666666666667,13900.0,7126.0,27.0,0.0,0.0,Italy,Fashion,Bronze
SEL0025,2025-12-29,2,0,0.0,5.0,1.0,45.833333333333336,14348.0,6486.0,22.0,0.0,0.0,Italy,Fashion,Bronze
SEL0025,2026-01-19,1,0,0.0,,,47.666666666666664,13997.0,6948.0,27.0,0.0,0.0,Italy,Fashion,Bronze
SEL0025,2026-02-02,1,0,0.0,4.0,1.0,45.166666666666664,13480.0,5946.0,25.0,0.0,0.0,Italy,Fashion,Bronze
SEL0025,2026-02-09,1,0,0.0,4.0,1.0,43.56666666666666,13750.0,6099.0,20.0,0.0,0.0,Italy,Fashion,Bronze
SEL0025,2026-02-16,1,0,0.0,,,40.06666666666667,12726.0,6257.0,20.0,0.0,0.0,Italy,Fashion,Bronze
SEL0025,2026-04-13,2,0,0.0,5.0,1.0,54.15,21930.0,9969.0,37.0,0.0,0.0,Italy,Fashion,Bronze
SEL0025,2026-04-20,2,0,0.0,3.0,1.0,49.925,20684.0,8820.0,34.0,0.0,0.0,Italy,Fashion,Bronze
SEL0025,2026-04-27,1,0,0.0,,,49.5,20289.0,10098.0,35.0,0.0,0.0,Italy,Fashion,Bronze
SEL0025,2026-05-04,2,1,0.5,2.0,1.0,49.675,20367.0,9863.0,35.0,0.0,0.0,Italy,Fashion,Bronze
SEL0025,2026-05-11,3,1,0.3333333333333333,5.0,1.0,50.55,23054.0,11126.0,32.0,1.0,0.3333333333333333,Italy,Fashion,Bronze
SEL0025,2026-05-18,2,0,0.0,3.0,1.0,53.05,21861.0,9295.0,36.0,0.0,0.0,Italy,Fashion,Bronze
SEL0025,2026-06-08,2,0,0.0,,,48.675,19490.0,9701.0,36.0,0.0,0.0,Italy,Fashion,Bronze
SEL0025,2026-06-15,1,0,0.0,,,53.9,21980.0,9004.0,38.0,0.0,0.0,Italy,Fashion,Bronze
SEL0025,2026-06-22,2,1,0.5,5.0,1.0,51.55,21013.0,8297.0,35.0,0.0,0.0,Italy,Fashion,Bronze
SEL0026,2025-03-03,1,1,1.0,,,42.4,4687.0,2514.0,5.0,0.0,0.0,Italy,Pet Supplies,Bronze
SEL0026,2025-03-10,1,0,0.0,5.0,1.0,46.3,4407.0,2270.0,9.0,0.0,0.0,Italy,Pet Supplies,Bronze
SEL0026,2025-05-19,1,0,0.0,5.0,1.0,59.75,11005.0,5967.0,23.0,0.0,0.0,Italy,Pet Supplies,Bronze
SEL0026,2025-06-16,2,0,0.0,,,65.3,20631.0,10934.0,34.0,0.0,0.0,Italy,Pet Supplies,Bronze
SEL0026,2025-06-23,1,0,0.0,5.0,1.0,76.3,22110.0,8547.0,46.0,0.0,0.0,Italy,Pet Supplies,Bronze
SEL0026,2025-06-30,2,0,0.0,5.0,2.0,69.96666666666667,21856.0,9815.0,39.0,0.0,0.0,Italy,Pet Supplies,Bronze
SEL0026,2025-08-25,2,0,0.0,3.0,2.0,55.5,22262.0,11691.0,41.0,1.0,0.5,Italy,Pet Supplies,Bronze
SEL0026,2025-09-15,1,1,1.0,,,60.65,22333.0,8603.0,47.0,0.0,0.0,Italy,Pet Supplies,Bronze
SEL0026,2025-09-29,1,0,0.0,,,49.775,20346.0,9035.0,33.0,0.0,0.0,Italy,Pet Supplies,Bronze
SEL0026,2025-11-03,1,0,0.0,5.0,1.0,50.224999999999994,20834.0,9361.0,34.0,0.0,0.0,Italy,Pet Supplies,Bronze
SEL0026,2025-11-17,1,0,0.0,,,54.650000000000006,22428.0,10535.0,34.0,0.0,0.0,Italy,Pet Supplies,Bronze
SEL0026,2025-12-08,2,0,0.0,4.0,1.0,54.099999999999994,23038.0,11120.0,36.0,0.0,0.0,Italy,Pet Supplies,Bronze
SEL0026,2026-01-05,1,0,0.0,,,51.2,21687.0,9290.0,36.0,0.0,0.0,Italy,Pet Supplies,Bronze
SEL0026,2026-01-26,1,0,0.0,,,52.45,21555.0,9868.0,37.0,0.0,0.0,Italy,Pet Supplies,Bronze
SEL0026,2026-02-02,1,1,1.0,3.0,1.0,56.825,22341.0,9600.0,39.0,0.0,0.0,Italy,Pet Supplies,Bronze
SEL0026,2026-02-16,1,0,0.0,4.0,1.0,51.98,26377.0,11441.0,49.0,0.0,0.0,Italy,Pet Supplies,Bronze
SEL0026,2026-02-23,1,0,0.0,5.0,1.0,47.739999999999995,25257.0,12148.0,43.0,0.0,0.0,Italy,Pet Supplies,Bronze
SEL0026,2026-03-02,1,0,0.0,,,50.76,27773.0,11954.0,38.0,0.0,0.0,Italy,Pet Supplies,Bronze
SEL0026,2026-03-16,1,0,0.0,,,52.5,25325.0,11155.0,47.0,0.0,0.0,Italy,Pet Supplies,Bronze
SEL0026,2026-03-30,1,0,0.0,,,55.7,26835.0,12931.0,50.0,0.0,0.0,Italy,Pet Supplies,Bronze
SEL0026,2026-04-06,2,0,0.0,5.0,2.0,49.12,25865.0,12055.0,42.0,0.0,0.0,Italy,Pet Supplies,Bronze
SEL0026,2026-04-13,1,0,0.0,5.0,1.0,50.68,26522.0,13182.0,44.0,0.0,0.0,Italy,Pet Supplies,Bronze
SEL0026,2026-05-04,2,0,0.0,2.0,1.0,58.3,30285.0,15396.0,49.0,0.0,0.0,Italy,Pet Supplies,Bronze
SEL0026,2026-05-25,3,0,0.0,4.0,2.0,51.120000000000005,27132.0,12628.0,41.0,0.0,0.0,Italy,Pet Supplies,Bronze
SEL0026,2026-06-01,1,1,1.0,,1.0,50.660000000000004,26041.0,11374.0,43.0,1.0,1.0,Italy,Pet Supplies,Bronze
SEL0026,2026-06-08,1,0,0.0,5.0,1.0,50.8,26277.0,12955.0,45.0,0.0,0.0,Italy,Pet Supplies,Bronze
SEL0026,2026-06-15,1,0,0.0,4.0,1.0,48.879999999999995,26797.0,11218.0,39.0,0.0,0.0,Italy,Pet Supplies,Bronze
SEL0027,2025-06-23,1,1,1.0,4.0,1.0,60.5,5373.0,2718.0,11.0,0.0,0.0,UK,Sports & Outdoors,Platinum
SEL0027,2025-11-03,1,0,0.0,1.0,1.0,60.2,12609.0,6044.0,17.0,0.0,0.0,UK,Sports & Outdoors,Platinum
SEL0027,2025-12-01,1,0,0.0,5.0,1.0,76.33333333333333,21299.0,8446.0,45.0,0.0,0.0,UK,Sports & Outdoors,Platinum
SEL0027,2025-12-15,1,0,0.0,5.0,1.0,70.63333333333334,20096.0,8743.0,37.0,0.0,0.0,UK,Sports & Outdoors,Platinum
SEL0027,2025-12-22,1,0,0.0,4.0,1.0,65.43333333333334,20666.0,8607.0,34.0,0.0,0.0,UK,Sports & Outdoors,Platinum
SEL0027,2026-02-09,1,0,0.0,5.0,1.0,69.16666666666667,22159.0,10290.0,37.0,0.0,0.0,UK,Sports & Outdoors,Platinum
SEL0027,2026-02-16,1,0,0.0,5.0,1.0,66.46666666666667,20905.0,8730.0,34.0,0.0,0.0,UK,Sports & Outdoors,Platinum
SEL0027,2026-03-09,1,0,0.0,5.0,1.0,63.900000000000006,18318.0,8387.0,37.0,0.0,0.0,UK,Sports & Outdoors,Platinum
SEL0027,2026-03-16,1,0,0.0,,,65.93333333333332,20715.0,8542.0,32.0,0.0,0.0,UK,Sports & Outdoors,Platinum
SEL0027,2026-03-30,2,1,0.5,5.0,1.0,71.03333333333333,20420.0,9695.0,40.0,0.0,0.0,UK,Sports & Outdoors,Platinum
SEL0027,2026-04-06,1,0,0.0,4.0,1.0,69.7,21438.0,8946.0,37.0,0.0,0.0,UK,Sports & Outdoors,Platinum
SEL0027,2026-04-13,1,0,0.0,4.0,1.0,65.86666666666666,20100.0,8994.0,35.0,0.0,0.0,UK,Sports & Outdoors,Platinum
SEL0027,2026-04-27,1,0,0.0,5.0,1.0,72.93333333333334,21281.0,8619.0,42.0,0.0,0.0,UK,Sports & Outdoors,Platinum
SEL0027,2026-05-04,2,0,0.0,2.5,2.0,75.60000000000001,20333.0,9185.0,44.0,0.0,0.0,UK,Sports & Outdoors,Platinum
SEL0027,2026-05-18,1,0,0.0,5.0,1.0,74.475,28981.0,14185.0,54.0,0.0,0.0,UK,Sports & Outdoors,Platinum
SEL0027,2026-05-25,2,0,0.0,4.5,2.0,73.2,30095.0,14911.0,50.0,0.0,0.0,UK,Sports & Outdoors,Platinum
SEL0027,2026-06-08,2,0,0.0,4.5,2.0,67.15,26717.0,12277.0,46.0,0.0,0.0,UK,Sports & Outdoors,Platinum
SEL0027,2026-06-15,3,0,0.0,3.5,2.0,71.475,28578.0,12787.0,53.0,0.0,0.0,UK,Sports & Outdoors,Platinum
SEL0027,2026-06-22,1,0,0.0,,,70.875,29807.0,12232.0,48.0,0.0,0.0,UK,Sports & Outdoors,Platinum
SEL0027,2026-06-29,1,1,1.0,,,,,,,0.0,0.0,UK,Sports & Outdoors,Platinum
SEL0028,2025-10-06,1,1,1.0,,,9.2,1045.0,514.0,1.0,0.0,0.0,Germany,Fashion,Silver
SEL0028,2025-11-03,1,1,1.0,2.0,1.0,4.8,697.0,281.0,0.0,0.0,0.0,Germany,Fashion,Silver
SEL0028,2025-12-15,1,0,0.0,,,13.4,2977.0,1161.0,3.0,0.0,0.0,Germany,Fashion,Silver
SEL0028,2026-01-26,1,1,1.0,,,7.65,1979.0,980.0,1.0,0.0,0.0,Germany,Fashion,Silver
SEL0028,2026-02-16,1,1,1.0,,,24.766666666666666,7348.0,2919.0,13.0,0.0,0.0,Germany,Fashion,Silver
SEL0028,2026-02-23,2,1,0.5,3.0,2.0,16.733333333333334,5603.0,2423.0,6.0,0.0,0.0,Germany,Fashion,Silver
SEL0028,2026-03-02,2,2,1.0,,1.0,19.3,6436.0,2774.0,9.0,1.0,0.5,Germany,Fashion,Silver
SEL0028,2026-03-16,1,1,1.0,,,13.466666666666667,5010.0,2086.0,4.0,1.0,1.0,Germany,Fashion,Silver
SEL0028,2026-03-23,1,1,1.0,,,10.799999999999999,4533.0,2350.0,2.0,0.0,0.0,Germany,Fashion,Silver
SEL0028,2026-04-06,1,0,0.0,5.0,1.0,9.833333333333334,3907.0,1599.0,2.0,0.0,0.0,Germany,Fashion,Silver
SEL0028,2026-04-13,2,2,1.0,1.0,1.0,9.466666666666667,3973.0,1787.0,2.0,1.0,0.5,Germany,Fashion,Silver
SEL0028,2026-05-11,1,1,1.0,,,6.566666666666666,2880.0,1240.0,1.0,1.0,1.0,Germany,Fashion,Silver
SEL0028,2026-06-01,1,1,1.0,,,5.466666666666666,2427.0,1004.0,0.0,1.0,1.0,Germany,Fashion,Silver
SEL0028,2026-06-22,2,1,0.5,,,4.666666666666667,2141.0,911.0,0.0,0.0,0.0,Germany,Fashion,Silver
SEL0029,2025-07-28,1,0,0.0,4.0,1.0,21.8,3011.0,1615.0,2.0,0.0,0.0,Spain,Beauty,Silver
SEL0029,2025-09-22,1,1,1.0,,,28.1,7528.0,3519.0,6.0,0.0,0.0,Spain,Beauty,Silver
SEL0029,2025-10-13,1,0,0.0,4.0,1.0,26.400000000000002,6227.0,2538.0,5.0,0.0,0.0,Spain,Beauty,Silver
SEL0029,2025-10-20,1,1,1.0,3.0,1.0,33.86666666666667,12139.0,5736.0,13.0,0.0,0.0,Spain,Beauty,Silver
SEL0029,2025-10-27,1,1,1.0,4.0,1.0,29.53333333333333,11242.0,4915.0,10.0,0.0,0.0,Spain,Beauty,Silver
SEL0029,2025-12-01,2,1,0.5,5.0,1.0,19.533333333333335,7685.0,3174.0,4.0,0.0,0.0,Spain,Beauty,Silver
SEL0029,2025-12-22,3,2,0.6666666666666666,1.0,1.0,29.4,14354.0,7280.0,14.0,0.0,0.0,Spain,Beauty,Silver
SEL0029,2025-12-29,3,2,0.6666666666666666,5.0,1.0,24.825,12835.0,6539.0,9.0,0.0,0.0,Spain,Beauty,Silver
SEL0029,2026-01-19,1,1,1.0,,,18.75,10154.0,4242.0,6.0,0.0,0.0,Spain,Beauty,Silver
SEL0029,2026-01-26,1,0,0.0,,,20.05,10519.0,5009.0,8.0,0.0,0.0,Spain,Beauty,Silver
SEL0029,2026-02-09,1,0,0.0,,,15.35,8495.0,3367.0,4.0,0.0,0.0,Spain,Beauty,Silver
SEL0029,2026-02-16,2,1,0.5,1.0,1.0,15.975,8687.0,4051.0,5.0,1.0,0.5,Spain,Beauty,Silver
SEL0029,2026-03-16,2,1,0.5,,,19.94,12652.0,5421.0,10.0,0.0,0.0,Spain,Beauty,Silver
SEL0029,2026-03-23,3,2,0.6666666666666666,2.0,1.0,18.92,12468.0,4796.0,8.0,1.0,0.3333333333333333,Spain,Beauty,Silver
SEL0029,2026-03-30,2,2,1.0,1.5,2.0,19.32,12010.0,5626.0,10.0,2.0,1.0,Spain,Beauty,Silver
SEL0029,2026-04-06,2,2,1.0,2.0,1.0,17.86,10537.0,4575.0,9.0,0.0,0.0,Spain,Beauty,Silver
SEL0029,2026-04-13,2,1,0.5,,,15.940000000000001,10598.0,4206.0,5.0,0.0,0.0,Spain,Beauty,Silver
SEL0029,2026-04-20,3,2,0.6666666666666666,3.0,2.0,16.32,10218.0,4822.0,6.0,1.0,0.3333333333333333,Spain,Beauty,Silver
SEL0029,2026-04-27,1,1,1.0,2.0,1.0,15.12,10013.0,4385.0,5.0,0.0,0.0,Spain,Beauty,Silver
SEL0029,2026-05-04,3,2,0.6666666666666666,3.0,2.0,12.7,9187.0,3706.0,3.0,1.0,0.3333333333333333,Spain,Beauty,Silver
SEL0029,2026-05-11,2,1,0.5,4.0,1.0,20.05,15338.0,7045.0,13.0,0.0,0.0,Spain,Beauty,Silver
SEL0029,2026-05-18,5,3,0.6,3.5,4.0,18.650000000000002,14533.0,6186.0,9.0,1.0,0.2,Spain,Beauty,Silver
SEL0029,2026-05-25,2,0,0.0,,,16.416666666666668,12961.0,5937.0,9.0,0.0,0.0,Spain,Beauty,Silver
SEL0029,2026-06-01,5,1,0.2,4.0,1.0,16.616666666666667,12982.0,6474.0,7.0,1.0,0.2,Spain,Beauty,Silver
SEL0029,2026-06-08,3,3,1.0,1.0,1.0,16.016666666666666,12364.0,5671.0,9.0,3.0,1.0,Spain,Beauty,Silver
SEL0029,2026-06-15,3,1,0.3333333333333333,4.0,1.0,13.266666666666666,10937.0,4918.0,6.0,1.0,0.3333333333333333,Spain,Beauty,Silver
SEL0030,2026-03-23,1,1,1.0,,,10.0,1304.0,591.0,1.0,0.0,0.0,Italy,Home & Living,Bronze
SEL0030,2026-04-13,2,0,0.0,2.0,1.0,8.2,1192.0,447.0,0.0,1.0,0.5,Italy,Home & Living,Bronze
SEL0030,2026-06-08,1,1,1.0,1.0,1.0,4.0,585.0,237.0,0.0,1.0,1.0,Italy,Home & Living,Bronze
SEL0030,2026-06-15,2,1,0.5,2.5,2.0,4.5,650.0,267.0,0.0,2.0,1.0,Italy,Home & Living,Bronze
SEL0031,2025-04-28,1,0,0.0,,,47.3,10435.0,4455.0,17.0,0.0,0.0,France,Pet Supplies,Bronze
SEL0031,2025-06-02,1,0,0.0,,,47.35,9705.0,3482.0,18.0,0.0,0.0,France,Pet Supplies,Bronze
SEL0031,2025-06-16,1,0,0.0,,,47.8,10699.0,5458.0,17.0,0.0,0.0,France,Pet Supplies,Bronze
SEL0031,2025-06-23,1,0,0.0,,,53.599999999999994,11176.0,5297.0,14.0,0.0,0.0,France,Pet Supplies,Bronze
SEL0031,2025-06-30,1,0,0.0,5.0,1.0,52.25,11115.0,5722.0,15.0,0.0,0.0,France,Pet Supplies,Bronze
SEL0031,2025-07-14,1,0,0.0,5.0,1.0,55.86666666666667,16464.0,7338.0,30.0,0.0,0.0,France,Pet Supplies,Bronze
SEL0031,2025-07-21,1,0,0.0,,,56.86666666666667,18179.0,8685.0,29.0,0.0,0.0,France,Pet Supplies,Bronze
SEL0031,2025-07-28,1,0,0.0,3.0,1.0,61.699999999999996,17783.0,8372.0,32.0,0.0,0.0,France,Pet Supplies,Bronze
SEL0031,2025-08-18,1,0,0.0,,,67.83333333333333,19111.0,7981.0,38.0,0.0,0.0,France,Pet Supplies,Bronze
SEL0031,2025-10-13,1,0,0.0,5.0,1.0,64.33333333333333,18339.0,7760.0,40.0,0.0,0.0,France,Pet Supplies,Bronze
SEL0031,2025-11-03,1,0,0.0,,,59.56666666666666,17850.0,7039.0,34.0,0.0,0.0,France,Pet Supplies,Bronze
SEL0031,2025-12-29,1,0,0.0,5.0,1.0,47.23333333333333,16597.0,7945.0,20.0,0.0,0.0,France,Pet Supplies,Bronze
SEL0031,2026-01-05,1,0,0.0,4.0,1.0,55.86666666666667,16429.0,6811.0,32.0,0.0,0.0,France,Pet Supplies,Bronze
SEL0031,2026-03-02,2,0,0.0,5.0,2.0,59.599999999999994,17749.0,8268.0,30.0,0.0,0.0,France,Pet Supplies,Bronze
SEL0031,2026-04-27,1,0,0.0,,,51.775,21504.0,9004.0,32.0,0.0,0.0,France,Pet Supplies,Bronze
SEL0031,2026-05-04,1,0,0.0,4.0,1.0,45.525,18784.0,7324.0,33.0,0.0,0.0,France,Pet Supplies,Bronze
SEL0031,2026-05-18,2,0,0.0,4.5,2.0,47.475,19839.0,7904.0,35.0,0.0,0.0,France,Pet Supplies,Bronze
SEL0031,2026-05-25,3,1,0.3333333333333333,3.0,2.0,51.475,20819.0,8924.0,41.0,1.0,0.3333333333333333,France,Pet Supplies,Bronze
SEL0031,2026-06-15,1,0,0.0,,,51.175,21306.0,9604.0,39.0,0.0,0.0,France,Pet Supplies,Bronze
SEL0031,2026-06-22,1,0,0.0,1.0,1.0,47.475,20675.0,9592.0,32.0,1.0,1.0,France,Pet Supplies,Bronze
SEL0031,2026-06-29,1,0,0.0,,,51.6,10323.0,5193.0,17.0,0.0,0.0,France,Pet Supplies,Bronze
SEL0032,2025-11-24,1,0,0.0,3.0,1.0,16.8,2027.0,1080.0,2.0,0.0,0.0,Italy,Fashion,Bronze
SEL0032,2025-12-29,1,1,1.0,2.0,1.0,47.1,10108.0,4102.0,15.0,1.0,1.0,Italy,Fashion,Bronze
SEL0032,2026-01-05,1,0,0.0,5.0,1.0,48.0,9838.0,4546.0,19.0,0.0,0.0,Italy,Fashion,Bronze
SEL0032,2026-01-19,2,0,0.0,4.0,1.0,55.45,11806.0,5768.0,14.0,0.0,0.0,Italy,Fashion,Bronze
SEL0032,2026-02-02,1,0,0.0,4.0,1.0,57.400000000000006,10639.0,5647.0,22.0,0.0,0.0,Italy,Fashion,Bronze
SEL0032,2026-03-23,1,0,0.0,,,56.25,10269.0,4158.0,20.0,0.0,0.0,Italy,Fashion,Bronze
SEL0032,2026-03-30,2,0,0.0,4.0,1.0,45.35,9132.0,3315.0,18.0,0.0,0.0,Italy,Fashion,Bronze
SEL0032,2026-04-20,1,0,0.0,4.0,1.0,58.85,11580.0,5111.0,20.0,0.0,0.0,Italy,Fashion,Bronze
SEL0032,2026-04-27,1,0,0.0,5.0,1.0,43.0,9275.0,4414.0,13.0,0.0,0.0,Italy,Fashion,Bronze
SEL0032,2026-05-11,1,0,0.0,,,45.400000000000006,9304.0,4136.0,18.0,0.0,0.0,Italy,Fashion,Bronze
SEL0032,2026-05-18,1,0,0.0,4.0,1.0,53.75,10779.0,5261.0,19.0,0.0,0.0,Italy,Fashion,Bronze
SEL0032,2026-06-01,2,0,0.0,,1.0,39.733333333333334,11517.0,4822.0,20.0,0.0,0.0,Italy,Fashion,Bronze
SEL0032,2026-06-15,5,0,0.0,4.0,2.0,38.233333333333334,12328.0,5181.0,19.0,0.0,0.0,Italy,Fashion,Bronze
SEL0032,2026-06-22,3,0,0.0,4.0,2.0,46.199999999999996,13478.0,6997.0,24.0,0.0,0.0,Italy,Fashion,Bronze
SEL0034,2025-05-19,1,1,1.0,1.0,1.0,55.2,11232.0,5639.0,20.0,0.0,0.0,Spain,Beauty,Bronze
SEL0034,2025-06-23,1,0,0.0,,1.0,55.3,11222.0,5191.0,21.0,0.0,0.0,Spain,Beauty,Bronze
SEL0034,2025-07-07,1,0,0.0,5.0,1.0,66.5,12301.0,5165.0,29.0,0.0,0.0,Spain,Beauty,Bronze
SEL0034,2025-08-04,1,0,0.0,5.0,1.0,50.8,10806.0,4086.0,18.0,0.0,0.0,Spain,Beauty,Bronze
SEL0034,2025-08-11,1,0,0.0,,,54.65,10670.0,4923.0,21.0,0.0,0.0,Spain,Beauty,Bronze
SEL0034,2025-08-25,1,0,0.0,3.0,1.0,53.3,10577.0,4839.0,20.0,1.0,1.0,Spain,Beauty,Bronze
SEL0034,2025-09-01,1,0,0.0,4.0,1.0,52.15,11069.0,5259.0,17.0,0.0,0.0,Spain,Beauty,Bronze
SEL0034,2025-11-10,1,0,0.0,,,60.300000000000004,10897.0,5579.0,22.0,0.0,0.0,Spain,Beauty,Bronze
SEL0034,2025-12-22,1,0,0.0,,,51.099999999999994,11020.0,3905.0,16.0,0.0,0.0,Spain,Beauty,Bronze
SEL0034,2026-01-19,1,0,0.0,5.0,1.0,57.25,11046.0,5295.0,21.0,0.0,0.0,Spain,Beauty,Bronze
SEL0034,2026-01-26,1,0,0.0,,,58.55,12115.0,5224.0,21.0,0.0,0.0,Spain,Beauty,Bronze
SEL0035,2025-12-22,1,0,0.0,,,100.0,9649.0,5152.0,20.0,0.0,0.0,Spain,Toys & Games,Silver
SEL0035,2026-01-12,1,0,0.0,,,100.0,9002.0,4490.0,19.0,0.0,0.0,Spain,Toys & Games,Silver
SEL0035,2026-02-09,2,0,0.0,3.0,2.0,58.133333333333326,18874.0,9875.0,30.0,0.0,0.0,Spain,Toys & Games,Silver
SEL0035,2026-02-23,1,0,0.0,2.0,1.0,69.10000000000001,21099.0,10554.0,34.0,0.0,0.0,Spain,Toys & Games,Silver
SEL0035,2026-03-02,3,0,0.0,4.333333333333333,3.0,66.60000000000001,20724.0,8468.0,34.0,0.0,0.0,Spain,Toys & Games,Silver
SEL0035,2026-03-09,1,0,0.0,5.0,1.0,60.56666666666666,18077.0,8658.0,34.0,0.0,0.0,Spain,Toys & Games,Silver
SEL0035,2026-03-23,4,0,0.0,4.5,4.0,63.9,18462.0,7967.0,36.0,0.0,0.0,Spain,Toys & Games,Silver
SEL0035,2026-03-30,1,1,1.0,,,66.73333333333333,20683.0,9084.0,31.0,0.0,0.0,Spain,Toys & Games,Silver
SEL0035,2026-04-13,1,0,0.0,3.0,1.0,64.23333333333333,19713.0,8891.0,34.0,0.0,0.0,Spain,Toys & Games,Silver
SEL0035,2026-05-18,3,1,0.3333333333333333,4.5,2.0,66.03333333333335,19150.0,7251.0,37.0,0.0,0.0,Spain,Toys & Games,Silver
SEL0035,2026-05-25,1,0,0.0,,,65.46666666666667,18905.0,8526.0,33.0,0.0,0.0,Spain,Toys & Games,Silver
SEL0035,2026-06-15,1,0,0.0,,,62.333333333333336,20963.0,9450.0,32.0,0.0,0.0,Spain,Toys & Games,Silver
SEL0035,2026-06-22,1,0,0.0,5.0,1.0,69.76666666666667,19621.0,8460.0,37.0,0.0,0.0,Spain,Toys & Games,Silver
SEL0036,2025-06-16,1,0,0.0,4.0,1.0,66.3,13096.0,5674.0,23.0,0.0,0.0,France,Fashion,Gold
SEL0036,2025-07-07,1,0,0.0,,,66.8,13262.0,5978.0,26.0,0.0,0.0,France,Fashion,Gold
SEL0036,2025-08-11,2,1,0.5,3.0,1.0,68.35,13814.0,6146.0,24.0,0.0,0.0,France,Fashion,Gold
SEL0036,2025-08-25,1,0,0.0,5.0,1.0,56.3,13010.0,6800.0,19.0,0.0,0.0,France,Fashion,Gold
SEL0036,2025-09-15,1,0,0.0,,,64.65,12923.0,6069.0,25.0,0.0,0.0,France,Fashion,Gold
SEL0036,2025-09-22,1,0,0.0,5.0,1.0,74.30000000000001,15023.0,6692.0,27.0,0.0,0.0,France,Fashion,Gold
SEL0036,2025-10-13,1,0,0.0,,1.0,70.2,14955.0,7004.0,23.0,0.0,0.0,France,Fashion,Gold
SEL0036,2025-10-20,1,0,0.0,,,62.5,14033.0,5241.0,17.0,0.0,0.0,France,Fashion,Gold
SEL0036,2025-11-10,1,0,0.0,5.0,1.0,52.23333333333333,16926.0,8686.0,29.0,0.0,0.0,France,Fashion,Gold
SEL0036,2025-12-01,1,0,0.0,,,64.23333333333333,17788.0,7943.0,35.0,0.0,0.0,France,Fashion,Gold
SEL0036,2025-12-15,1,0,0.0,,,54.6,23571.0,11008.0,36.0,0.0,0.0,France,Fashion,Gold
SEL0036,2026-01-05,1,0,0.0,,,60.45,25820.0,12224.0,41.0,0.0,0.0,France,Fashion,Gold
SEL0036,2026-02-02,1,0,0.0,,,64.4,25115.0,10908.0,47.0,0.0,0.0,France,Fashion,Gold
SEL0036,2026-02-23,1,0,0.0,4.0,1.0,59.075,25049.0,11453.0,34.0,0.0,0.0,France,Fashion,Gold
SEL0036,2026-03-02,1,0,0.0,,,62.25,25666.0,11161.0,43.0,0.0,0.0,France,Fashion,Gold
SEL0036,2026-03-09,1,1,1.0,3.0,1.0,59.025,24039.0,11015.0,41.0,0.0,0.0,France,Fashion,Gold
SEL0036,2026-03-16,1,1,1.0,,,60.25,24466.0,10395.0,42.0,0.0,0.0,France,Fashion,Gold
SEL0036,2026-04-06,1,0,0.0,4.0,1.0,59.5,23627.0,10818.0,43.0,0.0,0.0,France,Fashion,Gold
SEL0036,2026-04-27,1,1,1.0,,,63.275,24836.0,11005.0,45.0,0.0,0.0,France,Fashion,Gold
SEL0036,2026-05-04,2,0,0.0,3.0,2.0,55.474999999999994,22999.0,10734.0,39.0,1.0,0.5,France,Fashion,Gold
SEL0036,2026-05-11,1,0,0.0,,,67.6,26679.0,11351.0,49.0,0.0,0.0,France,Fashion,Gold
SEL0036,2026-05-25,1,1,1.0,3.0,1.0,59.75,25306.0,10148.0,40.0,1.0,1.0,France,Fashion,Gold
SEL0036,2026-06-08,1,0,0.0,5.0,1.0,66.45,24855.0,11119.0,50.0,0.0,0.0,France,Fashion,Gold
SEL0036,2026-06-15,2,0,0.0,4.5,2.0,66.225,25856.0,11845.0,47.0,0.0,0.0,France,Fashion,Gold
SEL0036,2026-06-29,1,0,0.0,5.0,1.0,,,,,0.0,0.0,France,Fashion,Gold
SEL0037,2025-08-04,1,0,0.0,,,66.0,12616.0,6407.0,26.0,0.0,0.0,France,Pet Supplies,Bronze
SEL0037,2025-09-08,1,0,0.0,4.0,2.0,58.150000000000006,11784.0,5754.0,21.0,0.0,0.0,France,Pet Supplies,Bronze
SEL0037,2025-12-15,1,0,0.0,,,53.56666666666666,14968.0,6515.0,32.0,1.0,1.0,France,Pet Supplies,Bronze
SEL0037,2025-12-22,1,0,0.0,,,51.63333333333333,16609.0,6797.0,24.0,0.0,0.0,France,Pet Supplies,Bronze
SEL0037,2026-01-12,2,0,0.0,2.0,1.0,53.800000000000004,16537.0,7224.0,26.0,0.0,0.0,France,Pet Supplies,Bronze
SEL0037,2026-03-23,1,0,0.0,4.0,1.0,52.833333333333336,15564.0,6522.0,25.0,0.0,0.0,France,Pet Supplies,Bronze
SEL0037,2026-04-13,1,1,1.0,,,51.93333333333334,15306.0,7573.0,30.0,0.0,0.0,France,Pet Supplies,Bronze
SEL0037,2026-04-27,1,0,0.0,,,48.166666666666664,14703.0,7390.0,26.0,0.0,0.0,France,Pet Supplies,Bronze
SEL0037,2026-06-01,2,1,0.5,2.0,1.0,44.06666666666666,14044.0,5456.0,23.0,0.0,0.0,France,Pet Supplies,Bronze
SEL0037,2026-06-08,2,0,0.0,4.0,1.0,50.73333333333333,15929.0,7430.0,24.0,1.0,0.5,France,Pet Supplies,Bronze
SEL0037,2026-06-15,1,0,0.0,,,52.36666666666667,14665.0,6952.0,28.0,0.0,0.0,France,Pet Supplies,Bronze
SEL0038,2025-07-14,1,0,0.0,4.0,1.0,77.4,7708.0,3580.0,13.0,0.0,0.0,Spain,Fashion,Bronze
SEL0038,2025-07-21,1,0,0.0,,,60.900000000000006,11963.0,4573.0,22.0,0.0,0.0,Spain,Fashion,Bronze
SEL0038,2025-08-11,1,0,0.0,2.0,1.0,48.0,10223.0,4337.0,19.0,0.0,0.0,Spain,Fashion,Bronze
SEL0038,2025-09-29,1,0,0.0,,,58.5,11714.0,5961.0,20.0,0.0,0.0,Spain,Fashion,Bronze
SEL0038,2025-11-17,1,0,0.0,,,49.9,10601.0,4893.0,14.0,0.0,0.0,Spain,Fashion,Bronze
SEL0038,2025-12-15,1,0,0.0,3.0,1.0,52.15,21081.0,8621.0,37.0,0.0,0.0,Spain,Fashion,Bronze
SEL0038,2025-12-29,2,1,0.5,4.0,1.0,55.85,22867.0,8864.0,40.0,1.0,0.5,Spain,Fashion,Bronze
SEL0038,2026-01-12,1,1,1.0,,,50.75,20123.0,8813.0,36.0,0.0,0.0,Spain,Fashion,Bronze
SEL0038,2026-01-19,2,0,0.0,,,44.480000000000004,22019.0,9827.0,38.0,0.0,0.0,Spain,Fashion,Bronze
SEL0038,2026-02-09,1,0,0.0,4.0,1.0,41.82000000000001,22504.0,9937.0,32.0,0.0,0.0,Spain,Fashion,Bronze
SEL0038,2026-02-16,3,0,0.0,3.6666666666666665,3.0,44.339999999999996,22902.0,10237.0,37.0,0.0,0.0,Spain,Fashion,Bronze
SEL0038,2026-02-23,1,0,0.0,,,47.839999999999996,23534.0,11419.0,43.0,0.0,0.0,Spain,Fashion,Bronze
SEL0038,2026-03-02,2,0,0.0,,,44.12,22969.0,11176.0,37.0,0.0,0.0,Spain,Fashion,Bronze
SEL0038,2026-03-16,2,0,0.0,4.0,1.0,43.260000000000005,22089.0,10660.0,36.0,0.0,0.0,Spain,Fashion,Bronze
SEL0038,2026-03-23,2,0,0.0,4.0,1.0,46.22,23461.0,10758.0,39.0,0.0,0.0,Spain,Fashion,Bronze
SEL0038,2026-03-30,1,0,0.0,,,42.62,23236.0,9426.0,34.0,0.0,0.0,Spain,Fashion,Bronze
SEL0038,2026-05-11,1,0,0.0,,,50.22,24145.0,10650.0,43.0,0.0,0.0,Spain,Fashion,Bronze
SEL0038,2026-05-25,2,0,0.0,,,44.64,23195.0,11601.0,38.0,0.0,0.0,Spain,Fashion,Bronze
SEL0038,2026-06-01,2,0,0.0,4.0,2.0,45.779999999999994,23131.0,12259.0,34.0,0.0,0.0,Spain,Fashion,Bronze
SEL0038,2026-06-08,2,0,0.0,4.0,1.0,42.04,21206.0,9910.0,37.0,0.0,0.0,Spain,Fashion,Bronze
SEL0038,2026-06-15,1,1,1.0,4.0,1.0,45.58,21580.0,9671.0,40.0,1.0,1.0,Spain,Fashion,Bronze
SEL0039,2025-01-27,1,1,1.0,2.0,1.0,52.7,10663.0,4663.0,17.0,0.0,0.0,France,Fashion,Gold
SEL0039,2025-03-17,1,0,0.0,2.0,1.0,50.650000000000006,11691.0,5154.0,15.0,0.0,0.0,France,Fashion,Gold
SEL0039,2025-03-24,1,0,0.0,5.0,1.0,57.96666666666667,18507.0,9252.0,28.0,0.0,0.0,France,Fashion,Gold
SEL0039,2025-05-05,1,0,0.0,4.0,1.0,54.5,17756.0,6537.0,25.0,0.0,0.0,France,Fashion,Gold
SEL0039,2025-05-12,2,0,0.0,4.0,2.0,54.333333333333336,17391.0,7358.0,29.0,0.0,0.0,France,Fashion,Gold
SEL0039,2025-07-07,1,0,0.0,3.0,1.0,63.800000000000004,18622.0,8790.0,36.0,0.0,0.0,France,Fashion,Gold
SEL0039,2025-08-18,1,1,1.0,,,61.366666666666674,18547.0,6864.0,34.0,0.0,0.0,France,Fashion,Gold
SEL0039,2025-09-01,1,1,1.0,,,62.666666666666664,17720.0,8635.0,36.0,1.0,1.0,France,Fashion,Gold
SEL0039,2025-09-15,1,0,0.0,4.0,1.0,51.23333333333333,16646.0,7534.0,24.0,0.0,0.0,France,Fashion,Gold
SEL0039,2025-09-22,1,0,0.0,5.0,1.0,60.099999999999994,17825.0,7134.0,29.0,0.0,0.0,France,Fashion,Gold
SEL0039,2025-10-06,1,1,1.0,1.0,1.0,62.56666666666666,17922.0,7696.0,33.0,0.0,0.0,France,Fashion,Gold
SEL0039,2025-12-01,2,1,0.5,4.0,1.0,54.1,17608.0,7826.0,25.0,0.0,0.0,France,Fashion,Gold
SEL0039,2025-12-15,3,0,0.0,2.5,2.0,57.53333333333333,17740.0,8453.0,30.0,1.0,0.3333333333333333,France,Fashion,Gold
SEL0039,2025-12-22,1,0,0.0,1.0,1.0,58.6,17546.0,7616.0,33.0,0.0,0.0,France,Fashion,Gold
SEL0039,2026-01-12,2,0,0.0,,,56.56666666666666,17452.0,6991.0,32.0,0.0,0.0,France,Fashion,Gold
SEL0039,2026-03-16,1,0,0.0,,,58.46666666666666,17348.0,8764.0,31.0,0.0,0.0,France,Fashion,Gold
SEL0039,2026-04-13,1,0,0.0,3.0,1.0,49.06666666666666,16108.0,7598.0,23.0,0.0,0.0,France,Fashion,Gold
SEL0039,2026-05-11,1,1,1.0,3.0,1.0,54.1,17144.0,8581.0,26.0,0.0,0.0,France,Fashion,Gold
SEL0039,2026-05-18,1,0,0.0,4.0,1.0,58.06666666666666,17598.0,7788.0,30.0,0.0,0.0,France,Fashion,Gold
SEL0039,2026-05-25,1,0,0.0,,1.0,55.5,17404.0,8820.0,27.0,0.0,0.0,France,Fashion,Gold
SEL0039,2026-06-15,1,0,0.0,5.0,1.0,69.66666666666667,19292.0,9281.0,37.0,0.0,0.0,France,Fashion,Gold
SEL0040,2025-08-04,1,1,1.0,,,36.6,8842.0,4580.0,10.0,1.0,1.0,Spain,Electronics,Bronze
SEL0040,2025-08-11,1,0,0.0,,1.0,33.2,7686.0,3508.0,8.0,0.0,0.0,Spain,Electronics,Bronze
SEL0040,2025-08-25,1,0,0.0,,,34.6,7776.0,4127.0,8.0,0.0,0.0,Spain,Electronics,Bronze
SEL0040,2025-09-22,2,1,0.5,5.0,1.0,21.950000000000003,5755.0,2926.0,3.0,0.0,0.0,Spain,Electronics,Bronze
SEL0040,2025-11-24,1,0,0.0,3.0,1.0,24.600000000000005,8474.0,4300.0,8.0,0.0,0.0,Spain,Electronics,Bronze
SEL0040,2025-12-08,1,1,1.0,2.0,1.0,27.325,12247.0,5175.0,14.0,0.0,0.0,Spain,Electronics,Bronze
SEL0040,2025-12-15,1,0,0.0,,,22.95,11438.0,5536.0,8.0,0.0,0.0,Spain,Electronics,Bronze
SEL0040,2026-02-09,4,2,0.5,2.6666666666666665,3.0,13.174999999999999,7040.0,2956.0,3.0,1.0,0.25,Spain,Electronics,Bronze
SEL0040,2026-02-23,1,0,0.0,4.0,1.0,11.0,6189.0,2581.0,2.0,0.0,0.0,Spain,Electronics,Bronze
SEL0040,2026-03-02,1,0,0.0,,,9.95,6127.0,2790.0,1.0,0.0,0.0,Spain,Electronics,Bronze
SEL0040,2026-03-16,1,1,1.0,,,10.5,5913.0,2641.0,1.0,0.0,0.0,Spain,Electronics,Bronze
SEL0040,2026-03-30,1,0,0.0,,1.0,8.7,5340.0,2449.0,0.0,0.0,0.0,Spain,Electronics,Bronze
SEL0040,2026-04-20,1,1,1.0,,,7.975,5119.0,2124.0,0.0,0.0,0.0,Spain,Electronics,Bronze
SEL0040,2026-04-27,1,0,0.0,4.0,1.0,7.675,4658.0,2054.0,0.0,0.0,0.0,Spain,Electronics,Bronze
SEL0040,2026-05-18,1,0,0.0,3.0,1.0,14.280000000000001,9223.0,4270.0,5.0,0.0,0.0,Spain,Electronics,Bronze
SEL0040,2026-05-25,3,1,0.3333333333333333,3.0,2.0,13.5,9169.0,3646.0,5.0,0.0,0.0,Spain,Electronics,Bronze
SEL0040,2026-06-08,1,0,0.0,3.0,1.0,13.440000000000001,9037.0,4414.0,5.0,0.0,0.0,Spain,Electronics,Bronze
SEL0040,2026-06-15,3,1,0.3333333333333333,5.0,1.0,12.940000000000001,8341.0,3897.0,4.0,1.0,0.3333333333333333,Spain,Electronics,Bronze
